verdict,עובדות המקרה,טיעוני הצדדים,דיון והכרעה,סך_חטיבות
ME-10-03-29019-87,1,1,1,3
ME-11-01-43136-111,1,0,0,1
ME-11-12-49187-222,1,0,1,2
ME-12-01-24154-898,1,1,1,3
ME-12-02-20534-522,1,1,1,3
ME-12-02-42712-445,1,1,1,3
ME-12-03-39807-132,1,0,0,1
ME-12-03-6231-248,1,1,1,3
ME-12-03-8516-111,1,1,1,3
ME-12-04-30672-625,1,1,1,3
ME-12-04-33691-891,1,1,1,3
ME-12-05-30278-398,1,1,1,3
ME-12-05-8540-448,1,0,0,1
ME-12-06-11552-330,1,1,1,3
ME-12-06-17098-547,1,1,1,3
ME-12-06-17109-617,1,1,1,3
ME-12-06-44357-260,0,0,1,1
ME-12-07-1490-872,1,1,1,3
ME-12-09-28180-412,0,0,0,0
ME-12-10-12866-467,0,0,0,0
ME-12-10-31937-216,1,1,1,3
ME-12-10-40440-832,1,0,0,1
ME-12-10-50105-646,1,1,1,3
ME-12-11-29984-176,0,0,0,0
ME-12-11-44985-11,1,0,0,1
ME-12-11-5948-739,1,0,0,1
ME-12-12-11284-678,1,0,1,2
ME-12-12-25529-787,1,1,1,3
ME-12-12-63963-606,1,0,0,1
ME-13-01-3135-135,1,1,1,3
ME-13-01-33745-668,1,0,0,1
ME-13-01-54176-524,1,1,1,3
ME-13-02-22293-81,1,0,0,1
ME-13-02-50759-950,0,0,0,0
ME-13-03-50079-883,1,1,1,3
ME-13-04-14825-739,1,1,1,3
ME-13-04-22062-473,1,1,0,2
ME-13-04-29631-335,1,1,1,3
ME-13-05-26685-22,1,1,1,3
ME-13-05-27782-294,1,1,1,3
ME-13-05-28268-703,1,1,1,3
ME-13-05-31971-964,1,0,0,1
ME-13-05-3234-688,1,1,1,3
ME-13-05-3404-224,1,0,1,2
ME-13-06-33630-198,1,1,1,3
ME-13-06-44877-875,1,1,1,3
ME-13-06-56235-958,1,1,1,3
ME-13-07-21315-898,1,0,0,1
ME-13-07-26801-940,1,1,1,3
ME-13-07-36422-132,1,1,1,3
ME-13-08-17410-607,1,1,1,3
ME-13-08-44882-742,1,1,1,3
ME-13-09-36831-773,1,0,1,2
ME-13-10-607-500,1,1,1,3
ME-13-10-65884-449,1,1,1,3
ME-13-10-737-239,1,1,1,3
ME-13-11-39787-662,1,1,1,3
ME-13-12-22678-920,1,1,1,3
ME-13-12-47020-93,1,1,1,3
ME-14-01-16958-980,1,0,0,1
ME-14-01-3006-904,1,1,1,3
ME-14-01-44352-455,1,0,0,1
ME-14-02-11392-572,1,1,1,3
ME-14-02-11475-986,1,1,1,3
ME-14-02-29269-808,1,0,0,1
ME-14-02-3759-46,1,0,0,1
ME-14-02-45171-333,1,0,1,2
ME-14-03-3507-457,1,1,1,3
ME-14-03-46090-151,1,1,1,3
ME-14-08-17781-557,1,1,1,3
ME-14-08-5000-55,1,1,1,3
ME-14-09-16646-278,1,1,1,3
ME-14-09-23142-592,1,1,1,3
ME-14-10-18510-163,1,1,1,3
ME-14-10-26524-879,1,1,1,3
ME-14-10-32704-880,1,1,1,3
ME-14-10-38176-631,1,1,1,3
ME-14-10-50725-58,0,1,1,2
ME-14-11-15801-310,1,1,1,3
ME-14-11-9620-789,1,0,0,1
ME-14-12-60842-529,1,1,1,3
ME-14-12-6904-57,1,0,1,2
ME-15-01-33508-80,1,1,1,3
ME-15-01-48938-684,1,1,1,3
ME-15-02-3457-326,1,1,1,3
ME-15-02-35815-840,1,0,0,1
ME-15-02-6336-938,1,1,1,3
ME-15-02-8843-221,1,1,1,3
ME-15-02-9160-226,1,1,1,3
ME-15-03-18879-44,1,1,1,3
ME-15-03-24689-682,1,1,1,3
ME-15-04-45156-638,1,1,1,3
ME-15-04-46662-851,1,1,1,3
ME-15-04-52882-935,1,1,1,3
ME-15-04-8633-389,1,1,1,3
ME-15-05-1108-536,1,1,1,3
ME-15-05-12699-676,0,1,1,2
ME-15-05-15054-771,1,1,1,3
ME-15-05-23408-74,1,1,1,3
ME-15-05-3597-754,1,0,1,2
ME-15-05-45061-675,1,1,1,3
ME-15-07-47627-164,1,1,1,3
ME-15-08-34916-597,1,0,0,1
ME-15-09-1959-668,1,0,0,1
ME-15-09-20841-815,1,1,1,3
ME-15-09-24510-335,1,1,1,3
ME-15-09-24514-351,1,1,1,3
ME-15-09-2497-201,1,0,0,1
ME-15-10-1872-954,1,1,1,3
ME-15-10-23320-898,1,1,1,3
ME-15-10-26357-563,0,1,1,2
ME-15-10-47344-877,1,1,1,3
ME-15-11-31122-886,1,1,1,3
ME-15-11-46896-519,1,1,1,3
ME-15-11-53457-605,1,0,0,1
ME-15-12-13882-380,1,0,0,1
ME-15-12-33866-670,1,1,1,3
ME-15-12-38315-222,1,1,1,3
ME-16-01-189-123,1,1,1,3
ME-16-01-37551-462,1,1,1,3
ME-16-01-44404-37,1,1,1,3
ME-16-02-39924-867,1,1,1,3
ME-16-02-9109-304,1,1,1,3
ME-16-03-10283-946,1,1,1,3
ME-16-03-50082-855,1,1,1,3
ME-16-03-52982-212,1,1,1,3
ME-16-03-9736-32,0,0,0,0
ME-16-04-1870-974,0,1,1,2
ME-16-04-24253-961,1,1,1,3
ME-16-04-26792-485,1,1,1,3
ME-16-04-6322-316,1,1,1,3
ME-16-06-26447-577,1,0,0,1
ME-16-06-42987-901,0,0,1,1
ME-16-06-49305-370,0,1,1,2
ME-16-06-6788-21,1,1,1,3
ME-16-07-11608-225,1,1,1,3
ME-16-07-11720-448,1,1,1,3
ME-16-07-45175-891,1,0,0,1
ME-16-07-5968-552,1,0,1,2
ME-16-08-40649-520,1,1,1,3
ME-16-08-40994-384,1,1,0,2
ME-16-09-13718-390,1,1,1,3
ME-16-09-17780-5,1,1,1,3
ME-16-09-22679-134,1,1,1,3
ME-16-09-3745-668,1,0,0,1
ME-16-09-40168-168,1,1,1,3
ME-16-09-41280-129,1,1,1,3
ME-16-09-46497-823,0,1,1,2
ME-16-09-57353-163,1,0,0,1
ME-16-09-61392-22,1,1,1,3
ME-16-10-12469-872,1,1,1,3
ME-16-10-17316-528,1,0,1,2
ME-16-10-22080-364,1,1,1,3
ME-16-10-22609-304,1,1,1,3
ME-16-11-58033-22,1,0,1,2
ME-16-11-63255-338,1,1,1,3
ME-16-11-7970-598,1,1,1,3
ME-16-12-19902-389,1,1,1,3
ME-16-12-32002-824,1,0,0,1
ME-16-12-701-772,1,1,1,3
ME-17-01-15787-266,1,1,1,3
ME-17-01-47714-472,1,1,1,3
ME-17-01-49232-230,1,1,1,3
ME-17-01-59804-978,1,1,1,3
ME-17-01-59971-328,1,1,1,3
ME-17-01-620-279,1,1,1,3
ME-17-02-22611-377,1,1,1,3
ME-17-02-54648-901,1,1,1,3
ME-17-02-55287-84,1,1,1,3
ME-17-02-55366-691,1,1,1,3
ME-17-03-23642-491,1,1,1,3
ME-17-03-429-658,1,1,1,3
ME-17-03-63955-748,1,1,1,3
ME-17-04-17677-800,1,1,1,3
ME-17-04-49625-808,1,1,1,3
ME-17-05-45633-696,0,0,1,1
ME-17-06-50765-840,1,1,1,3
ME-17-06-54696-178,1,1,1,3
ME-17-06-66609-316,0,0,0,0
ME-17-07-4807-73,1,0,0,1
ME-17-07-62318-670,1,1,1,3
ME-17-08-3725-982,1,1,1,3
ME-17-08-47209-333,1,0,0,1
ME-17-09-2599-757,1,1,1,3
ME-17-09-31015-737,1,1,1,3
ME-17-09-31103-955,1,1,1,3
ME-17-09-40239-862,1,1,1,3
ME-17-10-12125-475,1,1,1,3
ME-17-10-55372-977,1,1,1,3
ME-17-10-58812-403,1,1,1,3
ME-17-11-37176-540,1,1,1,3
ME-17-11-48338-510,1,0,0,1
ME-17-11-55925-190,1,1,1,3
ME-17-11-7629-317,1,1,1,3
ME-17-12-20051-644,1,1,1,3
ME-17-12-22830-699,1,1,1,3
ME-17-12-26141-371,1,1,1,3
ME-18-01-22537-277,1,1,1,3
ME-18-01-27442-55,1,1,1,3
ME-18-01-27955-523,1,1,1,3
ME-18-01-42761-64,1,1,1,3
ME-18-01-45117-99,1,1,1,3
ME-18-01-58966-841,1,1,1,3
ME-18-01-68352-831,0,1,1,2
ME-18-01-73652-357,1,1,1,3
ME-18-02-26019-149,1,1,1,3
ME-18-02-47757-646,1,1,1,3
ME-18-02-5680-55,1,1,1,3
ME-18-02-5775-459,1,1,1,3
ME-18-02-58507-317,1,1,1,3
ME-18-03-12699-143,1,1,1,3
ME-18-03-12834-55,1,1,1,3
ME-18-03-13236-260,0,1,1,2
ME-18-03-19468-373,1,1,1,3
ME-18-03-2679-255,1,1,1,3
ME-18-03-67527-996,1,1,1,3
ME-18-04-16826-842,1,1,1,3
ME-18-04-22140-458,1,1,1,3
ME-18-04-27771-440,1,0,0,1
ME-18-04-46786-521,1,1,1,3
ME-18-05-22433-195,1,1,1,3
ME-18-05-35986-417,1,1,1,3
ME-18-05-37760-527,1,0,0,1
ME-18-05-39201-55,0,1,1,2
ME-18-05-69278-836,1,1,1,3
ME-18-06-5846-360,1,0,1,2
ME-18-06-5914-973,1,1,1,3
ME-18-06-6992-648,1,1,1,3
ME-18-06-6997-910,1,1,1,3
ME-18-07-17715-55,1,1,1,3
ME-18-07-21468-347,1,0,0,1
ME-18-07-61065-915,1,1,1,3
ME-18-07-67342-121,1,1,1,3
ME-18-08-39629-146,1,1,1,3
ME-18-08-58591-978,1,1,1,3
ME-18-08-58790-579,1,1,1,3
ME-18-08-8864-290,1,1,1,3
ME-18-09-15457-287,1,1,1,3
ME-18-09-34938-726,1,1,1,3
ME-18-09-809-412,0,1,1,2
ME-18-10-34117-55,1,1,1,3
ME-18-10-39573-985,1,1,1,3
ME-18-10-4760-145,1,1,1,3
ME-18-10-9532-55,1,1,1,3
ME-18-11-25458-476,1,1,1,3
ME-18-11-39299-907,0,1,1,2
ME-18-12-10603-619,0,1,1,2
ME-18-12-11220-22,1,1,1,3
ME-19-01-33728-657,1,1,1,3
ME-19-01-68942-383,1,1,1,3
ME-19-01-68958-71,1,1,1,3
ME-19-02-30408-748,1,1,1,3
ME-19-02-30538-483,1,1,1,3
ME-19-02-37958-133,1,1,1,3
ME-19-02-45480-398,1,1,1,3
ME-19-02-49034-375,1,0,0,1
ME-19-02-60154-39,1,1,1,3
ME-19-02-70401-748,1,1,1,3
ME-19-04-14488-104,1,1,1,3
ME-19-04-14578-148,1,1,1,3
ME-19-05-4039-534,1,1,1,3
ME-19-05-43983-206,1,1,1,3
ME-19-05-48706-200,1,0,0,1
ME-19-05-58605-646,1,1,1,3
ME-19-06-21477-871,1,0,1,2
ME-19-06-47908-765,1,1,1,3
ME-19-07-17667-476,1,1,1,3
ME-19-07-31000-323,1,1,0,2
ME-19-07-4435-107,1,1,1,3
ME-19-08-46823-817,1,1,1,3
ME-19-08-53463-354,1,1,1,3
ME-19-08-60444-184,1,1,1,3
ME-19-09-14313-285,1,1,1,3
ME-19-09-44129-985,1,1,1,3
ME-19-09-46366-214,1,1,1,3
ME-19-09-691-116,1,0,1,2
ME-19-10-25859-298,1,1,1,3
ME-19-10-28397-33,1,0,0,1
ME-19-10-40327-918,1,1,1,3
ME-19-10-53090-544,1,1,1,3
ME-19-10-9460-607,1,1,1,3
ME-19-11-15251-371,1,1,1,3
ME-19-11-2211-379,1,1,1,3
ME-19-11-40898-357,1,1,1,3
ME-19-11-43394-888,1,1,1,3
ME-19-11-54137-95,0,1,1,2
ME-19-11-57066-303,1,1,1,3
ME-19-11-58505-490,0,0,1,1
ME-19-11-58524-567,1,1,1,3
ME-19-12-19469-361,0,0,1,1
ME-19-12-74036-759,1,1,1,3
ME-20-01-18011-231,1,1,1,3
ME-20-01-37495-739,1,1,1,3
ME-20-01-62688-591,1,1,1,3
ME-20-01-802-429,1,1,1,3
ME-20-02-15744-900,0,1,1,2
ME-20-02-33338-797,0,0,0,0
ME-20-02-33541-702,1,1,1,3
ME-20-02-36724-606,1,1,1,3
ME-20-03-14935-33,1,0,0,1
ME-20-03-32815-77,1,1,1,3
ME-20-03-37454-552,1,1,1,3
ME-20-03-37474-269,1,1,1,3
ME-20-03-45012-661,1,1,1,3
ME-20-03-7408-681,1,0,1,2
ME-20-04-21991-639,1,1,1,3
ME-20-04-24431-257,1,1,1,3
ME-20-04-30039-364,1,1,1,3
ME-20-05-31925-723,1,1,1,3
ME-20-05-34787-929,1,1,1,3
ME-20-05-57813-98,1,0,1,2
ME-20-05-61158-999,1,1,1,3
ME-20-05-7696-114,1,1,1,3
ME-20-06-21536-265,1,1,1,3
ME-20-06-25530-126,1,1,1,3
ME-20-06-32581-715,1,1,1,3
ME-20-06-65828-230,1,1,1,3
ME-20-07-17252-33,0,0,0,0
ME-20-07-26839-33,1,0,0,1
ME-20-07-52883-159,1,1,1,3
ME-20-07-66437-927,1,1,1,3
ME-20-08-15059-493,1,1,1,3
ME-20-08-3750-402,1,1,1,3
ME-20-08-54368-67,1,0,1,2
ME-20-08-55855-520,1,1,0,2
ME-20-09-13242-430,1,0,0,1
ME-20-09-28847-705,1,1,1,3
ME-20-09-38450-545,1,1,1,3
ME-20-09-56824-185,1,1,1,3
ME-20-09-5778-327,1,1,1,3
ME-20-10-44540-291,1,1,1,3
ME-20-10-52504-680,1,1,1,3
ME-20-10-52589-717,1,1,1,3
ME-20-11-10810-678,1,1,1,3
ME-20-11-17642-314,1,1,1,3
ME-20-11-19005-77,1,1,1,3
ME-20-11-25254-44,1,0,0,1
ME-20-11-31419-820,1,1,1,3
ME-20-11-32956-101,1,1,1,3
ME-20-11-45195-706,1,1,1,3
ME-20-11-45388-530,1,0,0,1
ME-20-11-63172-979,0,1,1,2
ME-20-12-1338-335,1,1,1,3
ME-20-12-38578-563,1,1,1,3
ME-20-12-6678-48,1,1,1,3
ME-20-12-73906-693,1,1,1,3
ME-21-01-28544-476,1,1,1,3
ME-21-01-33439-492,1,1,1,3
ME-21-01-35389-997,1,1,1,3
ME-21-01-51797-636,1,1,1,3
ME-21-01-55489-537,1,1,1,3
ME-21-02-27735-297,1,1,1,3
ME-21-02-30580-27,1,1,1,3
ME-21-02-30637-285,1,1,1,3
ME-21-02-36823-104,1,1,1,3
ME-21-02-39513-40,1,1,1,3
ME-21-02-46604-513,1,1,1,3
ME-21-02-46967-370,1,1,1,3
ME-21-02-9264-706,1,1,1,3
ME-21-02-9270-912,1,1,1,3
ME-21-03-37764-966,1,1,1,3
ME-21-03-54460-987,0,1,1,2
ME-21-03-60183-144,1,1,1,3
ME-21-04-23190-591,1,1,1,3
ME-21-04-26204-51,1,1,1,3
ME-21-04-31842-520,1,1,1,3
ME-21-04-63287-31,1,1,1,3
ME-21-05-16015-526,1,1,1,3
ME-21-05-19464-959,1,1,1,3
ME-21-05-29731-804,1,1,1,3
ME-21-05-686-354,1,1,1,3
ME-21-06-14284-569,1,1,1,3
ME-21-06-58603-878,1,1,1,3
ME-21-07-29918-976,1,0,0,1
ME-21-07-43383-167,1,1,1,3
ME-21-07-51899-386,1,1,1,3
ME-21-07-63018-12,0,1,1,2
ME-21-07-63185-208,1,1,1,3
ME-21-08-16097-580,1,1,1,3
ME-21-08-32243-573,1,1,1,3
ME-21-08-7271-159,1,1,1,3
ME-21-09-11199-485,1,1,1,3
ME-21-09-11446-724,1,1,1,3
ME-21-09-32835-590,1,1,1,3
ME-21-09-38706-388,1,1,1,3
ME-21-09-5649-413,1,1,1,3
ME-21-09-6574-895,1,1,1,3
ME-21-09-6681-11,1,1,1,3
ME-21-09-8066-499,1,1,1,3
ME-21-10-12612-215,1,1,1,3
ME-21-10-18479-921,1,1,1,3
ME-21-10-20354-306,1,1,1,3
ME-21-10-39230-833,1,1,1,3
ME-21-10-61406-47,1,0,0,1
ME-21-10-6145-357,1,1,1,3
ME-21-10-65963-433,1,1,1,3
ME-21-10-68782-500,1,1,1,3
ME-21-10-71333-899,1,1,1,3
ME-21-11-1136-648,1,1,1,3
ME-21-11-21086-426,0,1,1,2
ME-21-11-34197-517,1,1,1,3
ME-21-11-35998-405,1,1,1,3
ME-21-11-50970-193,1,1,1,3
ME-21-11-60270-493,1,1,1,3
ME-21-11-7874-146,1,1,1,3
ME-21-12-10812-564,1,1,1,3
ME-21-12-15965-239,1,1,1,3
ME-21-12-23062-472,1,1,1,3
ME-21-12-35104-361,1,1,1,3
ME-21-12-41830-648,1,1,1,3
ME-21-12-42162-424,1,1,1,3
ME-22-01-17033-293,1,1,1,3
ME-22-01-20197-887,1,1,1,3
ME-22-01-41687-939,1,1,1,3
ME-22-01-45199-299,1,1,1,3
ME-22-01-46978-847,0,1,1,2
ME-22-01-47042-277,0,1,1,2
ME-22-01-63413-857,1,1,1,3
ME-22-02-33916-601,1,1,1,3
ME-22-02-40082-144,1,1,1,3
ME-22-02-880-250,1,1,1,3
ME-22-03-26126-566,1,1,1,3
ME-22-03-30003-679,1,1,1,3
ME-22-03-60295-774,1,1,1,3
ME-22-03-61202-214,1,0,1,2
ME-22-03-66385-129,1,1,1,3
ME-22-03-6944-166,1,1,1,3
ME-22-04-1187-280,1,1,1,3
ME-22-04-20638-501,1,1,1,3
ME-22-04-36475-213,1,1,1,3
ME-22-04-5076-981,1,1,1,3
ME-22-04-7867-732,1,1,1,3
ME-22-05-27544-102,1,1,1,3
ME-22-05-41870-398,1,1,1,3
ME-22-05-42156-571,1,1,1,3
ME-22-05-4488-105,1,1,1,3
ME-22-05-57177-26,1,1,1,3
ME-22-05-716-996,1,1,1,3
ME-22-06-24551-709,1,1,1,3
ME-22-06-54208-991,1,1,1,3
ME-22-07-25594-707,1,1,1,3
ME-22-07-32175-327,0,1,1,2
ME-22-07-4658-964,1,0,1,2
ME-22-07-46700-177,1,1,1,3
ME-22-07-53625-139,1,0,0,1
ME-22-07-61841-720,1,1,1,3
ME-22-07-6985-453,1,1,1,3
ME-22-08-10639-776,1,1,1,3
ME-22-08-1352-464,1,1,1,3
ME-22-08-46701-676,1,1,1,3
ME-22-09-17262-895,1,1,1,3
ME-22-09-21471-718,1,1,1,3
ME-22-09-24257-671,1,1,1,3
ME-22-09-4261-573,1,1,1,3
ME-22-10-16020-86,1,1,1,3
ME-22-10-31812-11,1,1,1,3
ME-22-10-36801-783,1,1,1,3
ME-22-11-1990-79,1,1,1,3
ME-22-11-24758-835,1,1,1,3
ME-22-11-34635-501,1,1,1,3
ME-22-11-8988-677,1,1,1,3
ME-22-12-47987-640,1,1,1,3
ME-22-12-802-689,1,1,1,3
ME-23-01-46786-206,1,1,1,3
ME-23-01-53640-602,1,1,1,3
ME-23-01-69612-838,1,1,1,3
ME-23-02-35569-441,1,1,1,3
ME-23-03-50850-315,1,0,0,1
ME-23-03-53035-811,1,1,1,3
ME-23-03-5687-959,1,1,1,3
ME-23-03-58193-751,1,1,1,3
ME-23-04-12158-504,1,1,1,3
ME-23-04-21291-874,1,1,1,3
ME-23-04-8444-574,1,1,1,3
ME-23-04-8639-766,1,1,1,3
ME-23-05-28315-761,1,1,1,3
ME-23-05-49875-541,0,1,1,2
ME-23-05-52567-993,1,1,1,3
ME-23-05-76300-44,1,1,1,3
ME-23-05-8203-115,1,1,1,3
ME-23-06-24350-756,1,1,1,3
ME-23-06-51515-807,0,1,1,2
ME-23-07-11090-560,1,1,1,3
ME-23-07-37454-92,1,1,1,3
ME-23-08-41833-827,1,1,1,3
ME-23-08-42114-713,1,0,0,1
ME-23-08-42361-595,1,1,1,3
ME-23-08-46221-96,1,1,1,3
ME-23-09-30310-430,1,1,1,3
ME-23-09-46939-375,1,1,1,3
ME-23-11-21137-454,1,1,1,3
ME-23-11-7212-22,1,1,1,3
ME-23-12-13839-255,1,0,0,1
ME-23-12-14553-571,1,1,1,3
ME-23-12-32305-711,1,1,1,3
ME-23-12-42253-980,1,1,1,3
ME-24-01-16651-270,1,1,1,3
ME-24-01-42808-639,1,1,1,3
ME-24-01-49376-716,1,1,1,3
ME-24-01-71101-124,1,1,1,3
ME-24-02-55717-411,1,1,1,3
ME-24-02-56431-155,1,1,1,3
ME-24-03-1484-918,1,1,1,3
ME-24-03-62673-835,1,1,1,3
ME-24-03-69004-489,0,1,1,2
ME-24-05-67646-258,1,1,0,2
ME-24-06-51649-532,1,0,0,1
ME-24-07-75514-165,1,1,1,3
ME-24-08-41832-717,1,1,1,3
ME-24-09-12265-410,1,1,1,3
ME-24-10-3170-487,1,1,1,3
SH-09-12-13504-344,1,1,1,3
SH-09-12-24777-556,1,0,1,2
SH-09-12-34111-51,1,0,0,1
SH-10-01-26981-416,1,0,0,1
SH-10-02-45672-321,1,0,0,1
SH-10-03-11072-990,1,0,0,1
SH-10-03-12451-963,1,0,0,1
SH-10-03-38312-864,0,1,1,2
SH-10-03-49406-516,1,1,1,3
SH-10-04-31912-213,1,0,0,1
SH-10-04-5594-657,1,0,0,1
SH-10-06-13054-638,1,1,1,3
SH-10-06-17038-861,1,0,0,1
SH-10-06-30050-354,1,1,1,3
SH-10-07-1219-660,1,0,0,1
SH-10-07-12856-49,1,0,1,2
SH-10-08-33651-656,1,0,0,1
SH-10-08-49680-384,1,0,0,1
SH-10-09-33454-81,1,1,1,3
SH-10-09-6738-61445,1,1,1,3
SH-10-10-12585-949,1,0,1,2
SH-10-10-41105-418,1,0,0,1
SH-10-10-52399-14,1,0,0,1
SH-10-10-58840-818,1,0,0,1
SH-10-10-62153-264,1,0,0,1
SH-10-10-63038-28,1,0,0,1
SH-10-11-1897-286,1,0,0,1
SH-10-11-53150-3,1,0,0,1
SH-10-11-58167-79,1,0,0,1
SH-10-12-27617-806,1,0,0,1
SH-10-12-31127-69,1,0,0,1
SH-10-12-3158-571,1,1,1,3
SH-10-12-49367-553,1,0,0,1
SH-11-01-18193-804,0,0,0,0
SH-11-01-34303-22,0,1,1,2
SH-11-01-41699-959,1,0,0,1
SH-11-02-21775-588,1,1,1,3
SH-11-02-45698-498,0,1,0,1
SH-11-02-53541-251,0,0,1,1
SH-11-03-10971-500,0,1,1,2
SH-11-03-1176-875,1,1,0,2
SH-11-03-17468-188,0,0,1,1
SH-11-03-25881-810,1,0,1,2
SH-11-03-26207-960,1,1,1,3
SH-11-03-35612-786,1,0,0,1
SH-11-03-35661-12,1,0,0,1
SH-11-04-12276-771,1,0,0,1
SH-11-04-25792-507,1,0,0,1
SH-11-04-27605-980,1,1,1,3
SH-11-04-30433-554,1,1,1,3
SH-11-04-32779-495,1,0,0,1
SH-11-05-1430-169,1,0,0,1
SH-11-05-18134-115,1,0,0,1
SH-11-05-29901-791,1,0,0,1
SH-11-07-34358-3,1,0,0,1
SH-11-07-49112-917,1,0,0,1
SH-11-07-49856-170,1,1,1,3
SH-11-08-1834-260,1,0,0,1
SH-11-08-36684-511,1,0,0,1
SH-11-08-8108-613,1,0,1,2
SH-11-09-11303-374,1,0,0,1
SH-11-09-19296-939,0,0,1,1
SH-11-09-21126-822,1,0,0,1
SH-11-09-49441-236,1,0,0,1
SH-11-10-23520-216,1,1,1,3
SH-11-10-40152-497,1,0,0,1
SH-11-11-16240-704,1,1,1,3
SH-11-11-28250-761,0,1,1,2
SH-11-11-3781-985,1,1,1,3
SH-11-11-51582-291,0,0,0,0
SH-11-11-5603-835,1,0,0,1
SH-11-11-8085-794,1,1,1,3
SH-11-12-24068-952,1,0,0,1
SH-11-12-30494-728,1,1,1,3
SH-11-12-37734-111,1,0,0,1
SH-11-12-44087-616,1,0,0,1
SH-11-12-50621-284,1,1,1,3
SH-11-12-9665-968,1,0,0,1
SH-12-01-11789-932,1,0,0,1
SH-12-01-15319-354,1,0,0,1
SH-12-01-34058-409,0,0,1,1
SH-12-01-34757-55,1,0,1,2
SH-12-01-34974-997,1,1,1,3
SH-12-01-45974-838,1,0,0,1
SH-12-01-51123-1491,1,1,1,3
SH-12-02-15696-297,1,0,0,1
SH-12-02-16471-165,1,0,1,2
SH-12-02-17515-494,1,0,0,1
SH-12-02-24428-303,1,0,0,1
SH-12-02-33537-987,1,0,0,1
SH-12-02-36469-198,1,1,1,3
SH-12-02-42137-358,1,0,0,1
SH-12-02-46052-86,1,1,1,3
SH-12-02-47430-749,1,0,0,1
SH-12-02-8202-950,1,0,0,1
SH-12-03-11439-97,1,1,1,3
SH-12-03-12091-263,1,0,0,1
SH-12-03-26039-442,1,1,1,3
SH-12-03-30005-872,1,0,0,1
SH-12-03-30312-636,1,0,0,1
SH-12-03-31971-140,1,0,0,1
SH-12-03-42397-33,1,1,1,3
SH-12-03-7797-485,1,0,1,2
SH-12-04-13432-519,1,1,0,2
SH-12-04-26743-436,1,0,0,1
SH-12-04-31798-550,0,1,0,1
SH-12-04-33451-715,1,0,0,1
SH-12-04-35695-606,0,0,1,1
SH-12-04-36376-50,1,0,0,1
SH-12-04-39936-584,1,0,1,2
SH-12-04-41467-167,1,0,0,1
SH-12-04-42234-728,1,0,0,1
SH-12-04-42673-714,1,0,0,1
SH-12-04-7602-216,1,0,0,1
SH-12-05-19965-657,1,1,1,3
SH-12-05-20585-55,1,1,1,3
SH-12-05-22619-975,1,0,1,2
SH-12-05-26436-911,1,1,1,3
SH-12-05-30762-105,1,0,1,2
SH-12-05-48037-604,1,0,0,1
SH-12-05-49123-155,1,1,1,3
SH-12-05-51933-6,1,1,0,2
SH-12-05-54307-542,1,1,1,3
SH-12-05-8575-297,0,1,1,2
SH-12-06-11069-915,1,0,0,1
SH-12-06-11168-387,1,0,0,1
SH-12-06-15560-253,0,1,1,2
SH-12-06-18985-672,1,1,1,3
SH-12-06-2186-662,0,0,1,1
SH-12-06-37340-557,0,1,1,2
SH-12-06-4439-700,1,0,0,1
SH-12-06-52992-289,1,0,0,1
SH-12-06-53481-545,1,1,1,3
SH-12-06-9056-960,1,0,0,1
SH-12-07-20764-448,1,1,1,3
SH-12-07-20928-974,1,1,1,3
SH-12-07-22464-933,1,0,1,2
SH-12-07-27444-59,1,0,0,1
SH-12-07-27924-250,1,0,0,1
SH-12-07-28552-896,1,0,0,1
SH-12-07-33759-801,1,0,0,1
SH-12-07-37055-836,1,0,0,1
SH-12-07-48976-737,1,1,1,3
SH-12-07-50222-572,1,0,0,1
SH-12-07-54370-255,1,0,0,1
SH-12-07-54653-613,1,0,0,1
SH-12-07-8614-845,1,0,0,1
SH-12-07-9346-564,1,1,1,3
SH-12-08-14226-51,1,0,1,2
SH-12-08-16749-145,1,1,1,3
SH-12-08-1789-228,1,0,0,1
SH-12-08-1793-958,1,0,0,1
SH-12-08-1960-499,1,0,0,1
SH-12-08-20414-383,1,1,1,3
SH-12-08-2084-765,1,0,0,1
SH-12-08-2090-743,1,0,0,1
SH-12-08-22263-161,1,0,0,1
SH-12-08-3001-453,1,1,1,3
SH-12-08-8400-395,1,0,0,1
SH-12-08-8495-162,1,0,0,1
SH-12-08-8696-33,1,1,1,3
SH-12-09-19601-176,1,0,1,2
SH-12-09-26025-766,1,0,0,1
SH-12-09-3107-664,1,1,1,3
SH-12-09-4579-470,1,0,0,1
SH-12-10-16312-832,1,1,1,3
SH-12-10-19487-863,1,1,1,3
SH-12-10-24440-183,1,0,0,1
SH-12-10-25878-949,1,0,0,1
SH-12-10-26940-161,1,0,0,1
SH-12-10-27214-600,1,0,0,1
SH-12-10-33210-535,1,0,0,1
SH-12-10-35265-349,1,1,1,3
SH-12-10-36558-818,1,0,0,1
SH-12-10-43167-137,1,1,1,3
SH-12-10-43175-663,1,1,1,3
SH-12-10-43375-704,1,0,1,2
SH-12-10-46819-115,1,0,0,1
SH-12-10-48535-846,1,1,1,3
SH-12-10-53862-16,0,0,0,0
SH-12-10-55565-757,1,0,1,2
SH-12-11-1318-151,1,1,1,3
SH-12-11-21388-619,1,1,1,3
SH-12-11-24015-509,1,1,1,3
SH-12-11-24156-385,1,1,0,2
SH-12-11-25146-886,1,0,1,2
SH-12-11-29401-761,1,1,1,3
SH-12-11-31271-202,1,1,1,3
SH-12-11-31908-176,1,0,0,1
SH-12-11-3220-212,1,0,0,1
SH-12-11-32539-54,1,0,0,1
SH-12-11-39640-461,1,0,0,1
SH-12-11-4001-360,1,1,1,3
SH-12-11-42974-263,1,1,1,3
SH-12-11-50235-841,1,0,0,1
SH-12-11-56629-448,1,0,0,1
SH-12-11-57216-546,1,0,0,1
SH-12-11-58829-766,1,0,0,1
SH-12-12-12111-417,1,0,0,1
SH-12-12-15919-776,1,1,1,3
SH-12-12-21616-369,1,0,1,2
SH-12-12-29338-484,1,0,0,1
SH-12-12-305-511,1,1,1,3
SH-12-12-3844-10,1,1,1,3
SH-12-12-46898-4,1,0,0,1
SH-12-12-50074-40,1,1,1,3
SH-12-12-50454-878,1,1,1,3
SH-12-12-542-427,1,1,1,3
SH-12-12-5621-745,0,0,0,0
SH-12-12-60394-367,1,1,1,3
SH-12-12-62174-789,1,0,0,1
SH-12-12-7285-9,1,0,0,1
SH-13-01-13780-730,1,0,1,2
SH-13-01-17975-71,1,1,1,3
SH-13-01-31690-835,1,0,1,2
SH-13-01-4164-489,1,1,0,2
SH-13-01-47183-747,1,0,0,1
SH-13-01-50263-643,1,0,1,2
SH-13-01-52417-55,1,1,1,3
SH-13-01-52587-620,1,0,1,2
SH-13-01-54047-792,1,1,1,3
SH-13-01-9369-840,1,1,1,3
SH-13-02-15963-393,1,0,1,2
SH-13-02-17543-210,1,1,1,3
SH-13-02-20615-648,1,0,0,1
SH-13-02-25277-692,1,0,0,1
SH-13-02-28742-481,1,0,0,1
SH-13-02-35175-566,1,1,1,3
SH-13-02-3798-167,1,0,1,2
SH-13-02-38654-316,0,0,1,1
SH-13-02-40918-993,1,0,0,1
SH-13-02-43722-861,1,1,1,3
SH-13-02-44772-252,1,0,1,2
SH-13-02-45136-821,1,1,1,3
SH-13-02-45180-155,1,0,1,2
SH-13-02-46354-386,1,1,1,3
SH-13-02-46903-725,1,1,1,3
SH-13-02-47302-906,1,0,1,2
SH-13-02-48167-802,1,0,1,2
SH-13-02-6548-558,1,0,0,1
SH-13-02-828-457,0,0,0,0
SH-13-03-14880-44,0,0,0,0
SH-13-03-16209-207,1,0,1,2
SH-13-03-16282-345,1,0,1,2
SH-13-03-1684-11,1,0,0,1
SH-13-03-17018-852,1,0,0,1
SH-13-03-17021-391,1,0,0,1
SH-13-03-18458-235,1,0,0,1
SH-13-03-23710-716,1,1,0,2
SH-13-03-25034-133,1,0,0,1
SH-13-03-26494-365,1,0,1,2
SH-13-03-27114-452,1,0,1,2
SH-13-03-27164-874,1,0,0,1
SH-13-03-27523-632,1,0,1,2
SH-13-03-27593-565,1,1,1,3
SH-13-03-33046-330,1,0,0,1
SH-13-03-33206-885,1,0,1,2
SH-13-03-39699-726,1,1,1,3
SH-13-03-40807-636,1,0,0,1
SH-13-03-45065-751,1,0,1,2
SH-13-03-45791-353,1,1,1,3
SH-13-03-6065-23,1,0,0,1
SH-13-04-13927-960,1,1,1,3
SH-13-04-13957-600,1,0,1,2
SH-13-04-14411-342,1,0,1,2
SH-13-04-16798-769,1,0,1,2
SH-13-04-22494-508,1,0,0,1
SH-13-04-33171-246,1,1,1,3
SH-13-04-34656-676,1,1,1,3
SH-13-04-34680-27,1,1,1,3
SH-13-04-40857-908,1,0,0,1
SH-13-04-50689-262,1,1,1,3
SH-13-04-53373-151,1,1,1,3
SH-13-04-53450-172,1,1,1,3
SH-13-04-7754-319,1,1,1,3
SH-13-05-16046-738,1,0,0,1
SH-13-05-22722-187,1,0,1,2
SH-13-05-2315-671,1,0,1,2
SH-13-05-23836-978,1,1,1,3
SH-13-05-31312-452,1,0,0,1
SH-13-05-4413-27,1,0,1,2
SH-13-05-47193-532,1,1,1,3
SH-13-05-48009-62,1,0,0,1
SH-13-05-50987-234,1,0,0,1
SH-13-05-56159-891,1,1,1,3
SH-13-05-56746-80,1,0,1,2
SH-13-05-57334-895,1,1,1,3
SH-13-05-57360-149,1,1,1,3
SH-13-05-61235-988,1,1,1,3
SH-13-05-6431-629,1,1,1,3
SH-13-06-10150-169,1,0,0,1
SH-13-06-10316-44,1,1,1,3
SH-13-06-11112-677,1,0,1,2
SH-13-06-1161-8,1,0,0,1
SH-13-06-11704-531,1,0,0,1
SH-13-06-13426-999,0,0,0,0
SH-13-06-14449-952,1,0,1,2
SH-13-06-15712-707,1,1,1,3
SH-13-06-16552-360,0,1,1,2
SH-13-06-16765-506,1,0,1,2
SH-13-06-20269-357,1,0,0,1
SH-13-06-20533-830,1,0,0,1
SH-13-06-22905-96,1,0,0,1
SH-13-06-24900-894,1,0,0,1
SH-13-06-29550-698,1,1,1,3
SH-13-06-47879-762,0,1,1,2
SH-13-06-57562-679,1,0,0,1
SH-13-06-57822-320,1,1,1,3
SH-13-07-16206-515,1,0,1,2
SH-13-07-17043-348,1,1,1,3
SH-13-07-20531-560,1,0,0,1
SH-13-07-21605-776,1,1,1,3
SH-13-07-24251-990,1,1,1,3
SH-13-07-26079-784,0,0,0,0
SH-13-07-33230-255,1,0,0,1
SH-13-07-34055-659,0,1,1,2
SH-13-07-35843-791,1,0,0,1
SH-13-07-39589-104,1,1,1,3
SH-13-07-39965-841,1,1,1,3
SH-13-07-55496-421,1,1,1,3
SH-13-07-56953-111,1,1,1,3
SH-13-07-60869-149,1,1,1,3
SH-13-08-11754-255,1,0,0,1
SH-13-08-12042-109,1,0,1,2
SH-13-08-13335-993,1,1,1,3
SH-13-08-13365-666,1,1,1,3
SH-13-08-13424-262,0,1,1,2
SH-13-08-17837-655,1,0,0,1
SH-13-08-19905-323,1,0,0,1
SH-13-08-22165-418,0,0,0,0
SH-13-08-29450-383,1,0,0,1
SH-13-08-29713-773,1,0,1,2
SH-13-08-29806-451,1,0,0,1
SH-13-08-39264-884,1,0,0,1
SH-13-08-40305-731,1,1,1,3
SH-13-08-44003-531,1,0,0,1
SH-13-09-16935-402,1,1,1,3
SH-13-09-20893-413,1,1,1,3
SH-13-09-21208-33,1,1,1,3
SH-13-09-21616-968,0,1,1,2
SH-13-09-22603-609,1,1,1,3
SH-13-09-25854-356,1,1,1,3
SH-13-09-28804-145,0,0,0,0
SH-13-09-29504-694,1,1,1,3
SH-13-09-32561-759,0,1,1,2
SH-13-09-32603-174,1,0,0,1
SH-13-09-39111-963,1,1,1,3
SH-13-09-5119-643,0,0,1,1
SH-13-09-6800-519,1,0,0,1
SH-13-10-14471-309,1,1,0,2
SH-13-10-14485-766,1,0,0,1
SH-13-10-16389-351,1,1,1,3
SH-13-10-18460-496,1,1,1,3
SH-13-10-20319-11,1,0,0,1
SH-13-10-23028-82,1,1,1,3
SH-13-10-33223-926,1,0,0,1
SH-13-10-44503-14,1,0,0,1
SH-13-10-49458-415,1,1,1,3
SH-13-10-61082-914,1,0,1,2
SH-13-10-65295-354,1,0,0,1
SH-13-10-66147-419,1,1,1,3
SH-13-10-8204-416,1,0,1,2
SH-13-11-15873-175,1,1,1,3
SH-13-11-19734-291,1,1,0,2
SH-13-11-25832-486,1,1,0,2
SH-13-11-3155-387,1,0,0,1
SH-13-11-36400-607,1,0,0,1
SH-13-11-38875-116,1,1,1,3
SH-13-11-41382-693,1,0,0,1
SH-13-11-42533-864,0,0,0,0
SH-13-11-44386-951,0,0,1,1
SH-13-11-46041-250,1,0,0,1
SH-13-11-53492-166,1,0,0,1
SH-13-12-22325-316,1,1,1,3
SH-13-12-2415-927,1,1,1,3
SH-13-12-27888-150,1,0,0,1
SH-13-12-31993-41,1,1,1,3
SH-13-12-32523-749,1,0,0,1
SH-13-12-34094-724,1,1,1,3
SH-13-12-37769-164,1,0,0,1
SH-13-12-38371-166,1,0,0,1
SH-13-12-4475-255,1,1,1,3
SH-13-12-4636-897,1,1,1,3
SH-13-12-54661-772,1,0,1,2
SH-13-12-63092-461,1,0,0,1
SH-14-01-10165-746,1,0,0,1
SH-14-01-11145-914,0,1,1,2
SH-14-01-11951-834,0,1,1,2
SH-14-01-16842-326,1,0,0,1
SH-14-01-21495-498,1,1,1,3
SH-14-01-21790-793,1,0,0,1
SH-14-01-22471-400,1,0,0,1
SH-14-01-27021-639,1,1,1,3
SH-14-01-30865-410,1,0,1,2
SH-14-01-43664-28,1,1,1,3
SH-14-01-45181-960,1,0,1,2
SH-14-01-46386-388,0,1,1,2
SH-14-01-54790-618,1,0,0,1
SH-14-01-57031-290,1,0,1,2
SH-14-01-573-493,1,0,0,1
SH-14-01-59586-422,1,1,1,3
SH-14-01-60914-28,1,1,1,3
SH-14-02-14846-442,1,0,1,2
SH-14-02-15425-804,1,0,1,2
SH-14-02-20872-532,0,1,1,2
SH-14-02-20967-215,0,1,1,2
SH-14-02-22160-635,1,1,1,3
SH-14-02-26535-787,1,1,1,3
SH-14-02-38941-459,1,0,0,1
SH-14-02-40987-274,1,0,0,1
SH-14-02-42479-962,0,0,0,0
SH-14-02-42512-794,1,0,1,2
SH-14-02-44205-865,1,0,0,1
SH-14-02-44964-637,1,0,1,2
SH-14-02-4677-594,1,0,1,2
SH-14-02-47156-616,1,1,1,3
SH-14-02-47957-842,1,1,1,3
SH-14-02-51848-411,1,0,1,2
SH-14-02-51872-524,1,0,0,1
SH-14-02-54697-362,1,0,0,1
SH-14-03-1231-934,1,1,1,3
SH-14-03-15455-331,0,0,0,0
SH-14-03-18987-302,1,0,0,1
SH-14-03-2008-334,1,1,1,3
SH-14-03-24126-645,0,0,0,0
SH-14-03-34925-189,1,1,1,3
SH-14-03-41072-534,1,1,1,3
SH-14-03-43556-790,0,1,1,2
SH-14-03-53219-933,1,1,1,3
SH-14-03-58092-997,1,0,0,1
SH-14-03-58243-85,1,0,1,2
SH-14-03-62059-552,1,1,1,3
SH-14-03-836-573,1,1,1,3
SH-14-03-891-43,0,0,0,0
SH-14-04-12708-193,0,1,1,2
SH-14-04-15564-112,1,1,1,3
SH-14-04-15668-815,1,1,1,3
SH-14-04-17670-22,1,0,0,1
SH-14-04-19985-55,1,1,1,3
SH-14-04-25171-267,1,0,0,1
SH-14-04-25964-420,1,0,0,1
SH-14-04-262-610,1,0,1,2
SH-14-04-26520-924,1,0,0,1
SH-14-04-36953-935,1,0,0,1
SH-14-04-3717-325,1,0,0,1
SH-14-04-37335-598,1,0,1,2
SH-14-04-45610-975,1,0,0,1
SH-14-04-47532-899,1,1,1,3
SH-14-04-8123-777,1,1,1,3
SH-14-04-9620-347,1,1,1,3
SH-14-04-9787-939,0,1,1,2
SH-14-05-1102-806,1,0,0,1
SH-14-05-12480-783,1,0,0,1
SH-14-05-15693-929,1,0,1,2
SH-14-05-16006-732,1,1,1,3
SH-14-05-17917-474,0,0,1,1
SH-14-05-19324-196,1,0,0,1
SH-14-05-21873-633,1,1,1,3
SH-14-05-25379-496,1,1,1,3
SH-14-05-33848-112,1,1,1,3
SH-14-05-35481-806,1,0,1,2
SH-14-05-35940-293,1,0,0,1
SH-14-05-3867-878,1,0,0,1
SH-14-05-38935-724,1,0,0,1
SH-14-05-42458-271,1,0,0,1
SH-14-05-446-51,1,1,1,3
SH-14-05-44601-678,1,1,1,3
SH-14-05-47022-475,1,1,1,3
SH-14-05-47136-892,1,0,0,1
SH-14-05-48135-250,1,1,1,3
SH-14-05-49897-69,1,0,1,2
SH-14-05-51421-914,1,0,0,1
SH-14-05-520-736,1,1,1,3
SH-14-05-6553-451,1,1,1,3
SH-14-06-1118-418,1,1,1,3
SH-14-06-17440-469,0,0,0,0
SH-14-06-26709-69,1,1,1,3
SH-14-06-26717-661,1,1,1,3
SH-14-06-26718-51,1,1,1,3
SH-14-06-26762-25,1,0,1,2
SH-14-06-28055-357,0,0,1,1
SH-14-06-36083-343,1,0,1,2
SH-14-06-38591-345,1,0,0,1
SH-14-06-41257-895,1,0,1,2
SH-14-06-42543-178,1,1,1,3
SH-14-06-4495-770,1,0,0,1
SH-14-06-49906-274,1,0,1,2
SH-14-06-60248-835,1,0,0,1
SH-14-06-6712-554,1,1,1,3
SH-14-06-7871-168,1,0,0,1
SH-14-07-10231-494,1,0,0,1
SH-14-07-15563-73,1,0,0,1
SH-14-07-16458-332,1,1,1,3
SH-14-07-16723-439,1,1,1,3
SH-14-07-22109-297,1,1,1,3
SH-14-07-28496-11,1,1,1,3
SH-14-07-3752-516,1,0,0,1
SH-14-07-39668-319,1,1,1,3
SH-14-07-45226-283,1,0,0,1
SH-14-07-45331-553,1,1,1,3
SH-14-07-45599-805,1,0,1,2
SH-14-07-47089-476,1,0,0,1
SH-14-07-57912-614,1,1,1,3
SH-14-07-6140-404,1,1,1,3
SH-14-07-7354-622,1,0,0,1
SH-14-08-10430-877,1,0,0,1
SH-14-08-10606-247,1,0,0,1
SH-14-08-11017-789,1,1,1,3
SH-14-08-13956-144,1,1,1,3
SH-14-08-15802-127,1,0,0,1
SH-14-08-17726-821,1,0,0,1
SH-14-08-19382-777,0,0,1,1
SH-14-08-20825-856,1,1,1,3
SH-14-08-34399-706,1,1,1,3
SH-14-08-4043-56,0,0,0,0
SH-14-08-44505-251,0,1,1,2
SH-14-09-15052-7,1,0,0,1
SH-14-09-15616-753,1,0,0,1
SH-14-09-23152-186,0,0,0,0
SH-14-09-24003-698,1,1,1,3
SH-14-09-2744-377,1,0,1,2
SH-14-09-30091-788,0,0,0,0
SH-14-09-31236-129,1,1,1,3
SH-14-09-39747-982,1,0,0,1
SH-14-09-43747-607,1,0,0,1
SH-14-09-49008-187,1,1,1,3
SH-14-09-49902-840,1,1,1,3
SH-14-09-52816-842,1,0,0,1
SH-14-09-54179-149,1,1,1,3
SH-14-09-55068-783,1,0,0,1
SH-14-09-56159-314,1,1,1,3
SH-14-09-56389-426,1,0,0,1
SH-14-09-59139-316,1,1,1,3
SH-14-09-64678-696,1,0,0,1
SH-14-09-8566-181,1,0,1,2
SH-14-10-12202-562,1,0,0,1
SH-14-10-1340-381,1,1,1,3
SH-14-10-14779-168,1,0,0,1
SH-14-10-16727-626,1,0,0,1
SH-14-10-18974-580,1,1,1,3
SH-14-10-21952-599,1,1,1,3
SH-14-10-22604-225,1,1,1,3
SH-14-10-27187-103,1,0,0,1
SH-14-10-34314-807,1,0,0,1
SH-14-10-3461-934,1,0,0,1
SH-14-10-37626-96,1,0,0,1
SH-14-10-416-716,1,0,0,1
SH-14-10-43941-829,1,0,0,1
SH-14-10-47808-749,1,1,1,3
SH-14-10-5466-100,1,0,0,1
SH-14-10-5787-541,1,1,1,3
SH-14-11-19260-433,1,1,1,3
SH-14-11-19408-33,1,1,1,3
SH-14-11-20201-727,1,1,1,3
SH-14-11-21974-588,0,0,0,0
SH-14-11-22368-817,1,1,1,3
SH-14-11-27542-470,1,1,1,3
SH-14-11-34136-421,1,0,0,1
SH-14-11-35907-931,0,1,1,2
SH-14-11-3908-10,0,1,1,2
SH-14-11-41061-444,1,1,1,3
SH-14-11-47753-666,1,1,1,3
SH-14-11-53692-836,0,0,0,0
SH-14-11-53725-293,1,1,1,3
SH-14-11-53948-42,1,0,1,2
SH-14-11-5507-23,1,1,1,3
SH-14-11-61046-156,1,1,1,3
SH-14-11-62262-580,1,1,1,3
SH-14-11-7704-824,1,1,1,3
SH-14-11-8501-247,1,0,1,2
SH-14-12-23800-436,1,0,1,2
SH-14-12-25762-115,1,0,0,1
SH-14-12-28420-619,1,1,1,3
SH-14-12-29210-914,1,1,1,3
SH-14-12-32433-426,0,0,0,0
SH-14-12-32817-589,1,1,1,3
SH-14-12-37009-998,1,0,0,1
SH-14-12-37567-153,1,0,1,2
SH-14-12-42020-186,1,1,1,3
SH-14-12-50305-239,1,1,1,3
SH-14-12-58372-32,1,1,1,3
SH-14-12-60882-55,1,1,1,3
SH-14-12-61031-814,1,0,0,1
SH-14-12-67105-687,1,1,1,3
SH-14-12-902-360,1,0,0,1
SH-15-01-12495-754,1,1,1,3
SH-15-01-12550-127,1,1,1,3
SH-15-01-18600-452,1,0,1,2
SH-15-01-1981-446,1,1,1,3
SH-15-01-21719-952,1,1,1,3
SH-15-01-27025-838,1,1,1,3
SH-15-01-27671-47,1,0,0,1
SH-15-01-34873-233,1,0,0,1
SH-15-01-44460-680,1,1,1,3
SH-15-01-5218-264,1,0,0,1
SH-15-01-52352-359,1,0,0,1
SH-15-01-52796-484,1,0,1,2
SH-15-01-54692-927,1,0,0,1
SH-15-01-63561-637,1,0,1,2
SH-15-01-63681-638,1,1,1,3
SH-15-01-63716-531,1,0,0,1
SH-15-01-7213-445,1,1,1,3
SH-15-01-7414-983,1,1,1,3
SH-15-02-10767-642,1,1,1,3
SH-15-02-15427-895,1,0,1,2
SH-15-02-22567-642,1,0,0,1
SH-15-02-36895-242,1,0,1,2
SH-15-02-37345-921,1,1,1,3
SH-15-02-37411-573,1,0,0,1
SH-15-02-43397-296,1,1,1,3
SH-15-02-5632-498,1,0,0,1
SH-15-02-57884-783,1,1,1,3
SH-15-03-11384-375,1,1,1,3
SH-15-03-13289-44,1,1,1,3
SH-15-03-13748-45,1,1,1,3
SH-15-03-15812-812,1,1,1,3
SH-15-03-16055-633,1,0,0,1
SH-15-03-16969-55,1,1,1,3
SH-15-03-18163-700,1,1,1,3
SH-15-03-18185-537,0,0,0,0
SH-15-03-18490-265,1,0,0,1
SH-15-03-1912-248,1,0,0,1
SH-15-03-22744-951,0,1,1,2
SH-15-03-23015-205,1,0,1,2
SH-15-03-31175-830,1,0,1,2
SH-15-03-33429-408,1,1,1,3
SH-15-03-3720-805,1,0,1,2
SH-15-03-37420-922,1,0,1,2
SH-15-03-37634-481,1,1,0,2
SH-15-03-37694-736,1,0,1,2
SH-15-03-46577-994,1,0,0,1
SH-15-03-51810-791,1,0,1,2
SH-15-03-54468-722,1,1,1,3
SH-15-03-55163-209,1,1,1,3
SH-15-03-58928-558,1,0,1,2
SH-15-03-61231-44,1,0,0,1
SH-15-03-63025-820,1,1,1,3
SH-15-03-63740-498,1,0,0,1
SH-15-03-7419-104,1,0,0,1
SH-15-04-20647-239,1,0,1,2
SH-15-04-21020-983,1,0,0,1
SH-15-04-2121-186,1,1,1,3
SH-15-04-21459-877,0,0,0,0
SH-15-04-2147-588,1,0,0,1
SH-15-04-21679-950,1,1,1,3
SH-15-04-21938-205,1,0,0,1
SH-15-04-24068-762,1,0,0,1
SH-15-04-24073-654,1,0,0,1
SH-15-04-34334-630,1,0,1,2
SH-15-04-35647-935,1,0,0,1
SH-15-04-36431-748,1,1,1,3
SH-15-04-36599-852,1,0,1,2
SH-15-04-37287-518,1,0,0,1
SH-15-04-37546-476,1,1,1,3
SH-15-04-39274-161,1,1,1,3
SH-15-04-48512-662,1,1,1,3
SH-15-04-48788-748,1,1,1,3
SH-15-04-8268-465,0,0,0,0
SH-15-04-9370-798,1,1,1,3
SH-15-05-1276-44,1,1,1,3
SH-15-05-13336-101,1,1,1,3
SH-15-05-138-111,1,0,0,1
SH-15-05-16825-840,1,1,1,3
SH-15-05-17822-126,1,1,1,3
SH-15-05-18276-586,0,1,1,2
SH-15-05-1882-34,1,0,0,1
SH-15-05-21721-96,1,1,1,3
SH-15-05-22286-804,1,0,0,1
SH-15-05-28136-478,1,0,0,1
SH-15-05-35202-739,1,1,1,3
SH-15-05-37825-186,1,1,1,3
SH-15-05-3859-275,1,1,1,3
SH-15-05-39019-314,1,1,1,3
SH-15-05-39308-394,1,1,1,3
SH-15-05-41186-993,1,0,1,2
SH-15-05-41828-762,1,0,0,1
SH-15-05-42176-267,1,1,1,3
SH-15-05-48352-712,1,1,1,3
SH-15-05-54205-741,1,1,1,3
SH-15-05-55475-408,1,0,0,1
SH-15-06-17342-928,1,0,0,1
SH-15-06-17369-515,1,1,1,3
SH-15-06-19827-471,1,1,1,3
SH-15-06-22211-504,1,1,1,3
SH-15-06-22215-403,1,0,0,1
SH-15-06-31800-808,1,0,0,1
SH-15-06-45838-963,1,0,0,1
SH-15-06-46051-422,0,0,0,0
SH-15-06-47378-594,1,1,1,3
SH-15-06-47941-297,1,1,1,3
SH-15-06-5033-560,1,0,0,1
SH-15-06-51986-719,1,0,0,1
SH-15-06-52031-844,1,0,0,1
SH-15-06-53952-9,1,1,1,3
SH-15-06-54421-417,1,1,1,3
SH-15-06-56842-326,1,1,1,3
SH-15-06-58298-471,1,0,0,1
SH-15-06-61370-994,1,0,1,2
SH-15-06-7906-173,1,0,0,1
SH-15-07-1581-113,1,0,0,1
SH-15-07-17659-964,1,1,1,3
SH-15-07-21672-354,1,1,1,3
SH-15-07-2217-754,1,1,1,3
SH-15-07-31628-875,0,1,1,2
SH-15-07-34712-948,1,0,0,1
SH-15-07-34737-584,1,0,0,1
SH-15-07-34829-337,1,0,1,2
SH-15-07-3675-847,1,1,1,3
SH-15-07-3688-551,1,1,1,3
SH-15-07-37364-596,1,1,1,3
SH-15-07-41328-496,1,1,1,3
SH-15-07-42333-242,1,1,1,3
SH-15-07-4258-749,1,1,1,3
SH-15-07-45267-116,1,0,0,1
SH-15-07-46321-427,1,1,1,3
SH-15-07-46741-610,1,1,1,3
SH-15-07-47319-496,1,0,1,2
SH-15-07-48197-917,1,0,1,2
SH-15-07-48247-310,1,1,1,3
SH-15-07-48527-36,1,0,1,2
SH-15-07-49027-415,0,0,0,0
SH-15-07-50219-242,1,0,1,2
SH-15-07-50664-326,1,1,1,3
SH-15-07-51040-750,1,1,1,3
SH-15-07-53854-452,1,0,0,1
SH-15-07-54873-407,1,1,1,3
SH-15-07-57133-861,1,0,0,1
SH-15-07-59503-858,1,1,1,3
SH-15-07-59572-703,1,1,1,3
SH-15-07-59602-378,1,1,1,3
SH-15-07-6660-374,0,1,1,2
SH-15-08-12819-991,0,0,0,0
SH-15-08-13065-341,1,0,1,2
SH-15-08-13793-431,1,1,1,3
SH-15-08-14061-743,1,0,0,1
SH-15-08-1968-233,1,1,1,3
SH-15-08-19770-608,1,0,0,1
SH-15-08-2047-808,1,1,1,3
SH-15-08-2077-927,1,0,0,1
SH-15-08-2232-540,1,1,1,3
SH-15-08-25603-825,1,0,0,1
SH-15-08-2660-950,1,0,0,1
SH-15-08-29090-317,1,1,1,3
SH-15-08-29832-472,1,0,1,2
SH-15-08-31284-502,1,0,0,1
SH-15-08-33932-994,1,1,1,3
SH-15-08-36067-537,1,0,0,1
SH-15-08-36449-193,1,0,0,1
SH-15-08-40810-499,1,0,1,2
SH-15-08-46173-167,1,1,1,3
SH-15-08-46401-774,1,0,0,1
SH-15-08-47209-813,1,0,1,2
SH-15-08-49156-503,1,1,1,3
SH-15-08-49401-991,1,1,1,3
SH-15-08-51036-5,1,1,1,3
SH-15-08-53375-451,1,0,1,2
SH-15-09-11615-905,1,0,0,1
SH-15-09-17610-628,1,0,1,2
SH-15-09-1878-87,1,0,0,1
SH-15-09-21712-921,1,1,1,3
SH-15-09-32354-349,1,0,1,2
SH-15-09-37628-689,1,0,0,1
SH-15-09-41189-948,1,1,1,3
SH-15-09-43195-318,1,1,1,3
SH-15-09-44220-560,0,1,1,2
SH-15-09-4640-663,1,0,0,1
SH-15-09-4788-789,1,1,1,3
SH-15-10-14046-75,1,1,1,3
SH-15-10-23038-762,0,1,1,2
SH-15-10-27085-608,1,1,1,3
SH-15-10-29523-760,1,0,0,1
SH-15-10-31909-637,1,1,1,3
SH-15-10-33835-644,1,1,1,3
SH-15-10-33947-41,1,1,1,3
SH-15-10-35202-601,1,1,1,3
SH-15-10-37259-800,1,1,1,3
SH-15-10-43808-200,1,0,0,1
SH-15-10-44977-932,1,1,1,3
SH-15-10-57680-656,1,1,1,3
SH-15-10-6440-911,1,0,0,1
SH-15-10-6929-647,1,1,1,3
SH-15-10-8468-99,1,1,1,3
SH-15-10-9182-254,1,1,1,3
SH-15-11-15390-197,0,1,1,2
SH-15-11-19591-750,1,1,1,3
SH-15-11-20469-746,1,1,1,3
SH-15-11-23419-268,1,0,0,1
SH-15-11-25474-754,1,1,1,3
SH-15-11-2730-840,1,1,1,3
SH-15-11-27851-762,1,0,0,1
SH-15-11-28241-978,1,1,1,3
SH-15-11-28270-673,1,1,1,3
SH-15-11-28288-86,1,1,1,3
SH-15-11-32055-981,1,0,1,2
SH-15-11-34445-528,0,1,1,2
SH-15-11-36709-443,1,1,1,3
SH-15-11-36827-604,1,1,1,3
SH-15-11-44091-66,1,1,1,3
SH-15-11-48745-743,1,1,1,3
SH-15-11-50774-39,1,1,1,3
SH-15-11-54499-977,1,1,1,3
SH-15-11-57599-206,1,1,1,3
SH-15-11-61861-885,0,1,1,2
SH-15-11-65260-470,1,0,0,1
SH-15-11-66150-932,1,1,1,3
SH-15-11-8929-536,1,0,0,1
SH-15-11-9437-33,1,0,0,1
SH-15-12-12296-753,1,0,0,1
SH-15-12-16591-715,1,1,1,3
SH-15-12-1681-648,0,1,1,2
SH-15-12-17268-874,1,1,1,3
SH-15-12-22426-678,1,0,1,2
SH-15-12-28087-168,1,0,1,2
SH-15-12-31394-365,0,1,1,2
SH-15-12-32933-514,1,0,1,2
SH-15-12-36120-894,1,1,1,3
SH-15-12-36187-185,1,1,1,3
SH-15-12-36220-432,1,1,1,3
SH-15-12-36395-924,0,0,0,0
SH-15-12-37111-545,1,1,1,3
SH-15-12-37533-621,1,1,1,3
SH-15-12-39075-328,1,0,1,2
SH-15-12-39214-563,1,1,1,3
SH-15-12-39312-512,1,1,1,3
SH-15-12-44250-269,1,1,1,3
SH-15-12-46460-790,1,1,1,3
SH-15-12-47400-411,1,1,1,3
SH-15-12-50988-36,1,1,1,3
SH-15-12-54942-298,1,0,1,2
SH-15-12-55104-887,0,0,0,0
SH-15-12-56479-714,1,1,1,3
SH-15-12-61273-524,1,1,1,3
SH-15-12-62524-508,1,1,1,3
SH-16-01-15172-838,1,0,1,2
SH-16-01-15277-783,1,1,1,3
SH-16-01-19218-706,1,1,1,3
SH-16-01-1925-457,1,1,1,3
SH-16-01-33382-930,1,1,1,3
SH-16-01-40770-163,1,1,1,3
SH-16-01-41803-841,1,0,0,1
SH-16-01-47067-671,1,0,1,2
SH-16-01-55701-320,1,0,1,2
SH-16-01-59258-64,1,0,1,2
SH-16-01-59503-650,1,0,0,1
SH-16-01-59836-759,1,0,0,1
SH-16-02-1838-374,1,1,1,3
SH-16-02-37002-809,1,1,1,3
SH-16-02-37953-478,1,1,1,3
SH-16-02-38615-84,1,0,0,1
SH-16-02-39397-663,1,1,1,3
SH-16-02-40677-676,1,1,1,3
SH-16-02-40683-837,1,0,0,1
SH-16-02-4370-170,1,1,1,3
SH-16-02-4407-363,1,0,0,1
SH-16-02-44642-88,1,0,0,1
SH-16-02-53788-110,0,0,1,1
SH-16-02-54487-731,1,1,1,3
SH-16-02-54771-301,0,0,1,1
SH-16-02-54841-405,1,1,1,3
SH-16-02-56714-770,1,1,1,3
SH-16-02-5726-273,1,1,1,3
SH-16-03-10580-621,1,0,0,1
SH-16-03-1509-405,1,1,1,3
SH-16-03-19975-165,1,0,0,1
SH-16-03-20940-832,0,1,1,2
SH-16-03-23459-894,1,1,1,3
SH-16-03-24215-688,0,0,1,1
SH-16-03-27917-920,1,0,1,2
SH-16-03-29068-388,1,1,1,3
SH-16-03-29279-329,1,1,1,3
SH-16-03-29533-192,1,1,1,3
SH-16-03-36414-557,1,1,1,3
SH-16-03-39923-589,1,0,0,1
SH-16-03-41272-769,1,1,1,3
SH-16-03-43515-924,1,1,1,3
SH-16-03-48718-927,0,0,0,0
SH-16-03-52676-107,1,0,0,1
SH-16-03-53049-35,1,1,1,3
SH-16-03-53890-845,1,0,0,1
SH-16-03-58723-603,0,1,1,2
SH-16-03-6132-117,0,1,1,2
SH-16-03-61380-705,0,1,1,2
SH-16-03-6318-705,1,0,1,2
SH-16-03-64384-385,0,1,1,2
SH-16-03-8483-659,1,1,1,3
SH-16-04-12546-99,0,1,1,2
SH-16-04-15868-544,0,1,1,2
SH-16-04-1643-629,1,1,1,3
SH-16-04-17042-534,1,1,1,3
SH-16-04-17508-242,1,1,1,3
SH-16-04-32546-898,0,1,1,2
SH-16-04-37436-308,1,1,1,3
SH-16-04-46194-736,1,0,1,2
SH-16-04-7426-121,0,0,0,0
SH-16-05-10003-791,1,1,1,3
SH-16-05-10996-895,1,1,1,3
SH-16-05-20484-410,1,0,0,1
SH-16-05-26828-515,1,1,1,3
SH-16-05-26856-158,1,1,1,3
SH-16-05-2907-790,1,0,1,2
SH-16-05-40484-582,1,1,1,3
SH-16-05-41269-391,1,1,1,3
SH-16-05-41316-855,1,0,0,1
SH-16-05-44314-672,1,1,1,3
SH-16-05-47136-687,1,0,0,1
SH-16-05-54072-723,1,1,1,3
SH-16-05-54910-911,1,0,1,2
SH-16-05-62962-395,1,0,0,1
SH-16-05-63604-55,1,0,1,2
SH-16-05-7786-472,1,1,1,3
SH-16-06-13508-757,1,0,0,1
SH-16-06-16603-890,1,0,1,2
SH-16-06-20028-100,1,1,1,3
SH-16-06-21557-700,1,1,1,3
SH-16-06-35639-187,1,0,0,1
SH-16-06-46038-424,1,0,0,1
SH-16-06-47357-979,1,0,0,1
SH-16-06-49808-948,1,1,1,3
SH-16-06-50308-649,1,1,1,3
SH-16-06-51991-912,1,1,1,3
SH-16-06-53127-56,1,1,1,3
SH-16-06-56473-7755,1,0,1,2
SH-16-06-56632-505,1,0,1,2
SH-16-06-57043-322,1,1,1,3
SH-16-06-58615-642,0,1,1,2
SH-16-06-60454-731,1,1,1,3
SH-16-06-62092-259,1,1,1,3
SH-16-06-65414-611,1,0,0,1
SH-16-06-66302-730,1,0,0,1
SH-16-07-11370-81,1,1,1,3
SH-16-07-116-270,1,1,1,3
SH-16-07-14510-981,1,1,1,3
SH-16-07-1470-657,1,1,1,3
SH-16-07-14829-594,1,1,1,3
SH-16-07-15676-190,1,1,1,3
SH-16-07-15805-735,1,1,1,3
SH-16-07-24984-898,1,0,0,1
SH-16-07-26896-378,1,1,1,3
SH-16-07-2717-592,1,0,0,1
SH-16-07-27471-880,1,1,1,3
SH-16-07-29216-834,1,1,1,3
SH-16-07-29798-520,1,1,1,3
SH-16-07-31007-451,1,1,1,3
SH-16-07-40788-310,1,1,1,3
SH-16-07-41946-538,1,1,1,3
SH-16-07-42621-473,1,0,1,2
SH-16-07-45818-381,1,0,1,2
SH-16-07-47301-753,1,1,1,3
SH-16-07-50330-532,1,1,1,3
SH-16-08-10853-555,1,1,1,3
SH-16-08-12906-480,1,0,0,1
SH-16-08-14998-931,1,1,1,3
SH-16-08-16043-181,0,0,0,0
SH-16-08-16387-484,1,1,1,3
SH-16-08-18285-504,1,1,1,3
SH-16-08-19606-963,1,0,0,1
SH-16-08-19746-675,1,1,1,3
SH-16-08-25307-HK-L,1,1,1,3
SH-16-08-27255-55,0,1,1,2
SH-16-08-27791-271,1,1,1,3
SH-16-08-29373-730,0,0,0,0
SH-16-08-32277-560,1,1,1,3
SH-16-08-39727-191,0,0,0,0
SH-16-08-40567-174,1,1,1,3
SH-16-08-49471-437,1,1,1,3
SH-16-08-54373-368,0,1,1,2
SH-16-08-54500-261,1,0,0,1
SH-16-08-54826-129,1,1,1,3
SH-16-08-54854-908,1,1,1,3
SH-16-08-58768-902,1,0,0,1
SH-16-08-60385-951,1,1,1,3
SH-16-08-60598-187,1,0,0,1
SH-16-08-60843-985,1,1,1,3
SH-16-08-7611-637,1,0,0,1
SH-16-09-17680-364,1,0,0,1
SH-16-09-18216-212,1,1,1,3
SH-16-09-2008-842,1,1,1,3
SH-16-09-20933-112,1,0,0,1
SH-16-09-26164-213,1,0,0,1
SH-16-09-30169-273,0,0,1,1
SH-16-09-31240-710,1,0,0,1
SH-16-09-3491-749,1,1,1,3
SH-16-09-43228-415,1,1,1,3
SH-16-09-45997-329,1,0,1,2
SH-16-09-54116-656,1,1,1,3
SH-16-09-57318-568,1,0,1,2
SH-16-09-64418-33,1,1,1,3
SH-16-09-67431-212,1,0,0,1
SH-16-10-1516-912,1,1,1,3
SH-16-10-15619-451,1,0,0,1
SH-16-10-20482-312,1,1,1,3
SH-16-10-25154-354,1,1,1,3
SH-16-10-27432-591,1,1,1,3
SH-16-10-28997-556,1,0,1,2
SH-16-10-29879-557,1,0,1,2
SH-16-10-42006-595,1,1,1,3
SH-16-10-43260-894,1,0,0,1
SH-16-10-7325-107,1,1,1,3
SH-16-11-11314-791,0,1,1,2
SH-16-11-11845-142,1,0,1,2
SH-16-11-13085-919,1,0,0,1
SH-16-11-20685-809,1,1,1,3
SH-16-11-26274-673,1,1,1,3
SH-16-11-26839-788,0,1,1,2
SH-16-11-28236-148,1,0,1,2
SH-16-11-29577-613,1,0,0,1
SH-16-11-29821-653,1,1,1,3
SH-16-11-33243-739,1,0,0,1
SH-16-11-43529-231,0,0,0,0
SH-16-11-5911-54,1,1,1,3
SH-16-11-61617-221,1,1,1,3
SH-16-11-62760-837,0,1,1,2
SH-16-11-64314-485,1,1,1,3
SH-16-11-66475-79,1,1,1,3
SH-16-11-66949-327,1,1,1,3
SH-16-11-69225-633,1,0,1,2
SH-16-11-7930-535,1,1,1,3
SH-16-11-9896-992,1,1,1,3
SH-16-12-13306-529,1,1,1,3
SH-16-12-13447-587,1,0,1,2
SH-16-12-14379-458,1,1,1,3
SH-16-12-19327-978,1,1,1,3
SH-16-12-29522-349,1,1,1,3
SH-16-12-3286-239,0,1,1,2
SH-16-12-35798-428,1,1,1,3
SH-16-12-4744-665,1,0,0,1
SH-16-12-4911-155,1,1,1,3
SH-16-12-61865-521,1,0,1,2
SH-16-12-62222-327,1,1,1,3
SH-16-12-7154-175,1,1,1,3
SH-16-12-9308-118,0,1,1,2
SH-17-01-14398-292,1,0,1,2
SH-17-01-16219-372,1,0,1,2
SH-17-01-18487-183,1,1,1,3
SH-17-01-23364-635,1,0,0,1
SH-17-01-29013-130,1,1,1,3
SH-17-01-32841-252,0,1,1,2
SH-17-01-44415-693,1,1,1,3
SH-17-01-44422-96,0,1,1,2
SH-17-01-44914-770,0,1,1,2
SH-17-01-45708-130,1,1,1,3
SH-17-01-46868-929,1,1,1,3
SH-17-01-49087-850,1,1,1,3
SH-17-01-5310-533,1,0,1,2
SH-17-01-53825-399,1,0,1,2
SH-17-01-5405-242,1,1,1,3
SH-17-01-599-204,1,0,0,1
SH-17-01-60101-686,0,1,1,2
SH-17-01-6048-738,0,1,1,2
SH-17-01-66939-242,1,1,1,3
SH-17-01-71706-376,1,1,1,3
SH-17-01-8975-813,1,1,1,3
SH-17-02-16259-652,1,1,1,3
SH-17-02-1969-713,1,1,1,3
SH-17-02-23454-807,1,1,1,3
SH-17-02-24524-692,1,0,0,1
SH-17-02-37480-582,1,1,0,2
SH-17-02-38366-444,1,1,1,3
SH-17-02-48984-623,1,1,1,3
SH-17-02-51354-491,0,1,1,2
SH-17-02-5350-394,0,0,1,1
SH-17-02-5581-100,1,0,1,2
SH-17-02-60340-165,1,0,1,2
SH-17-02-6996-24,1,0,0,1
SH-17-02-7908-886,1,1,0,2
SH-17-02-864-257,0,1,1,2
SH-17-02-9183-478,1,0,1,2
SH-17-03-16678-767,1,0,1,2
SH-17-03-19393-785,1,0,1,2
SH-17-03-19932-252,1,1,1,3
SH-17-03-21308-309,1,1,1,3
SH-17-03-23774-656,1,1,1,3
SH-17-03-25133-346,1,1,1,3
SH-17-03-28371-531,1,1,1,3
SH-17-03-29899-168,1,1,1,3
SH-17-03-34353-592,1,1,1,3
SH-17-03-34607-993,1,1,1,3
SH-17-03-44097-374,1,0,1,2
SH-17-03-46548-833,1,1,1,3
SH-17-03-47012-52,1,1,1,3
SH-17-03-56373-949,1,1,1,3
SH-17-03-56678-727,1,0,1,2
SH-17-03-6399-144,1,0,1,2
SH-17-03-65985-341,1,1,1,3
SH-17-04-11512-877,1,1,1,3
SH-17-04-13534-392,1,0,1,2
SH-17-04-14184-755,1,1,0,2
SH-17-04-1659-911,0,0,0,0
SH-17-04-16794-612,1,1,1,3
SH-17-04-20754-547,1,1,1,3
SH-17-04-21666-724,0,1,1,2
SH-17-04-28215-408,1,0,1,2
SH-17-04-30197-613,1,1,1,3
SH-17-04-327-395,1,1,1,3
SH-17-04-33160-80,1,1,1,3
SH-17-04-33252-505,1,1,1,3
SH-17-04-42116-744,1,1,1,3
SH-17-04-45070-96,1,1,1,3
SH-17-04-45539-464,1,1,1,3
SH-17-04-46039-182,1,1,1,3
SH-17-04-8288-772,1,0,0,1
SH-17-05-1264-803,1,1,1,3
SH-17-05-23282-697,1,0,1,2
SH-17-05-24239-935,1,1,1,3
SH-17-05-26647-597,1,0,1,2
SH-17-05-27274-727,1,0,1,2
SH-17-05-2908-975,1,1,1,3
SH-17-05-35074-567,1,1,1,3
SH-17-05-36054-821,1,1,1,3
SH-17-05-37850-687,1,1,1,3
SH-17-05-42361-264,1,1,1,3
SH-17-05-43632-489,1,1,1,3
SH-17-05-53098-788,1,1,1,3
SH-17-05-54673-573,1,1,1,3
SH-17-05-59289-803,1,0,1,2
SH-17-05-59983-275,1,1,1,3
SH-17-05-62803-722,1,0,0,1
SH-17-06-10823-77,1,1,1,3
SH-17-06-1788-849,1,1,1,3
SH-17-06-22715-323,1,1,1,3
SH-17-06-43240-917,1,1,1,3
SH-17-06-43982-326,1,1,1,3
SH-17-06-56668-375,1,0,0,1
SH-17-06-57717-149,1,1,1,3
SH-17-06-62710-347,1,0,1,2
SH-17-06-63637-282,1,1,1,3
SH-17-06-824-582,1,1,1,3
SH-17-07-10324-256,1,1,1,3
SH-17-07-10335-777,1,1,1,3
SH-17-07-16759-919,1,1,1,3
SH-17-07-17501-891,1,1,1,3
SH-17-07-23198-547,1,1,1,3
SH-17-07-26943-611,1,1,1,3
SH-17-07-35865-527,1,1,1,3
SH-17-07-36782-322,1,0,1,2
SH-17-07-39324-191,1,1,1,3
SH-17-07-42276-666,1,1,1,3
SH-17-07-44360-180,1,0,1,2
SH-17-07-45537-473,1,1,1,3
SH-17-07-45961-30,1,0,1,2
SH-17-07-53503-249,1,1,1,3
SH-17-07-54880-301,1,0,0,1
SH-17-07-56059-533,1,1,1,3
SH-17-07-59203-778,1,1,1,3
SH-17-07-65684-903,1,0,0,1
SH-17-07-69011-394,1,1,1,3
SH-17-07-70546-717,1,1,1,3
SH-17-08-10111-210,1,1,1,3
SH-17-08-25513-714,1,0,0,1
SH-17-08-29688-590,1,1,1,3
SH-17-08-29892-968,1,1,1,3
SH-17-08-41688-930,1,0,1,2
SH-17-08-43694-346,1,1,1,3
SH-17-08-43875-884,1,1,1,3
SH-17-08-48877-433,1,0,0,1
SH-17-08-56589-11,1,0,0,1
SH-17-09-10152-289,1,1,1,3
SH-17-09-13667-955,1,1,1,3
SH-17-09-13769-40,1,1,1,3
SH-17-09-17384-56,1,1,1,3
SH-17-09-17948-578,1,1,1,3
SH-17-09-22347-296,1,1,1,3
SH-17-09-26341-643,1,1,1,3
SH-17-09-28451-235,1,1,1,3
SH-17-09-31332-472,1,1,1,3
SH-17-09-33037-549,1,1,1,3
SH-17-09-37326-497,1,1,1,3
SH-17-09-38149-487,1,1,1,3
SH-17-09-39491-587,1,1,1,3
SH-17-09-4032-494,1,1,0,2
SH-17-09-41968-392,1,1,1,3
SH-17-09-42213-580,1,1,1,3
SH-17-09-42225-55,1,1,1,3
SH-17-09-6110-55,1,0,0,1
SH-17-10-12320-80,1,1,1,3
SH-17-10-33475-94,1,1,1,3
SH-17-10-40639-105,1,1,1,3
SH-17-10-42032-379,1,0,1,2
SH-17-10-51176-944,1,1,1,3
SH-17-10-57763-179,1,1,1,3
SH-17-11-20538-888,1,1,1,3
SH-17-11-27865-580,1,1,1,3
SH-17-11-30223-556,1,0,1,2
SH-17-11-32946-659,1,1,1,3
SH-17-11-36886-793,1,1,1,3
SH-17-11-38435-476,1,1,1,3
SH-17-11-40276-869,1,0,1,2
SH-17-11-4127-954,1,0,1,2
SH-17-11-46909-136,1,1,0,2
SH-17-11-58021-241,1,0,1,2
SH-17-11-59939-863,1,1,1,3
SH-17-11-62426-927,1,1,1,3
SH-17-11-66974-564,1,1,1,3
SH-17-11-70627-109,1,1,1,3
SH-17-11-9675-404,1,1,1,3
SH-17-12-12151-694,1,1,1,3
SH-17-12-2077-22,1,1,1,3
SH-17-12-27295-743,1,1,1,3
SH-17-12-30311-533,1,0,1,2
SH-17-12-32164-374,1,1,1,3
SH-17-12-41783-498,1,1,1,3
SH-17-12-44871-943,1,1,1,3
SH-17-12-50359-925,1,1,1,3
SH-17-12-50520-916,1,1,1,3
SH-17-12-54330-998,1,1,1,3
SH-17-12-57140-967,1,1,1,3
SH-17-12-59039-676,1,0,0,1
SH-18-01-102-418,1,0,1,2
SH-18-01-11267-613,1,1,1,3
SH-18-01-15486-258,1,1,0,2
SH-18-01-16619-239,1,1,1,3
SH-18-01-19505-775,0,0,1,1
SH-18-01-21232-735,1,0,1,2
SH-18-01-25278-8,1,1,1,3
SH-18-01-25332-951,1,1,1,3
SH-18-01-27103-119,1,0,1,2
SH-18-01-31006-665,1,1,1,3
SH-18-01-33024-454,1,1,1,3
SH-18-01-33658-881,1,1,1,3
SH-18-01-39034-726,1,1,1,3
SH-18-01-39086-191,1,1,1,3
SH-18-01-44280-837,1,1,1,3
SH-18-01-46655-226,0,0,0,0
SH-18-01-59087-687,1,1,1,3
SH-18-01-65573-593,1,1,1,3
SH-18-01-66041-165,0,1,1,2
SH-18-01-8537-698,1,1,1,3
SH-18-02-20589-49,1,1,1,3
SH-18-02-27467-827,1,1,1,3
SH-18-02-27470-472,1,0,1,2
SH-18-02-28811-22,1,1,1,3
SH-18-02-29380-110,1,1,1,3
SH-18-02-30618-244,1,1,1,3
SH-18-02-32363-159,1,1,1,3
SH-18-02-35169-179,1,0,1,2
SH-18-02-37379-414,1,1,1,3
SH-18-02-39297-171,1,1,1,3
SH-18-02-41174-404,1,1,1,3
SH-18-02-42456-935,1,1,1,3
SH-18-02-43097-387,1,0,1,2
SH-18-02-46328-425,1,0,1,2
SH-18-02-47304-799,1,1,1,3
SH-18-02-49055-900,1,1,1,3
SH-18-02-50693-361,1,1,1,3
SH-18-02-56173-897,1,0,1,2
SH-18-02-56179-747,1,1,1,3
SH-18-02-59205-138,1,1,1,3
SH-18-02-59329-376,1,1,1,3
SH-18-02-63596-888,1,0,1,2
SH-18-02-63696-697,1,1,1,3
SH-18-02-8442-191,1,1,1,3
SH-18-03-11072-641,1,1,0,2
SH-18-03-16143-289,1,1,1,3
SH-18-03-17959-4,1,1,1,3
SH-18-03-21678-419,1,1,1,3
SH-18-03-30643-70,1,1,1,3
SH-18-03-33183-403,1,1,1,3
SH-18-03-3576-641,1,1,1,3
SH-18-03-40055-767,1,1,1,3
SH-18-03-40063-557,1,1,1,3
SH-18-03-40331-690,1,1,1,3
SH-18-03-47168-5,1,1,1,3
SH-18-03-54732-316,1,1,1,3
SH-18-03-55179-766,1,1,1,3
SH-18-03-55187-531,1,1,1,3
SH-18-03-63584-283,1,1,1,3
SH-18-03-69865-101,1,1,1,3
SH-18-04-27340-151,1,1,1,3
SH-18-04-27961-859,1,1,1,3
SH-18-04-31647-360,1,1,1,3
SH-18-04-3302-989,1,0,1,2
SH-18-04-33839-221,0,1,1,2
SH-18-04-34053-72,1,1,1,3
SH-18-04-35566-577,0,0,1,1
SH-18-04-3673-16,1,1,1,3
SH-18-04-38160-804,1,1,1,3
SH-18-04-47668-420,0,0,1,1
SH-18-04-4867-582,1,1,1,3
SH-18-04-49667-304,1,1,1,3
SH-18-04-899-542,1,0,1,2
SH-18-05-19412-395,1,1,1,3
SH-18-05-21094-496,1,0,1,2
SH-18-05-25835-833,1,1,1,3
SH-18-05-31134-363,1,1,1,3
SH-18-05-33798-558,1,0,1,2
SH-18-05-39665-512,1,1,1,3
SH-18-05-40001-986,1,1,1,3
SH-18-05-44591-829,1,1,0,2
SH-18-05-54134-184,1,0,1,2
SH-18-05-58530-246,1,1,1,3
SH-18-05-62573-389,1,1,1,3
SH-18-05-65636-295,1,1,1,3
SH-18-05-68375-792,1,0,1,2
SH-18-05-7486-406,1,1,1,3
SH-18-06-10086-525,1,1,1,3
SH-18-06-1062-745,1,0,1,2
SH-18-06-17321-133,0,1,1,2
SH-18-06-2230-598,1,1,1,3
SH-18-06-266-909,1,1,1,3
SH-18-06-2791-241,1,1,1,3
SH-18-06-32948-673,1,1,1,3
SH-18-06-35856-208,1,1,0,2
SH-18-06-46914-359,1,1,1,3
SH-18-06-48983-293,1,1,1,3
SH-18-06-49033-213,1,1,1,3
SH-18-06-60525-364,1,1,1,3
SH-18-06-62497-516,1,1,1,3
SH-18-06-67471-811,1,1,1,3
SH-18-07-10005-670,1,1,1,3
SH-18-07-13939-555,1,1,1,3
SH-18-07-17208-636,1,0,1,2
SH-18-07-23864-634,1,1,1,3
SH-18-07-24004-826,1,1,1,3
SH-18-07-25254-555,1,1,1,3
SH-18-07-32587-842,1,1,1,3
SH-18-07-42230-124,1,1,1,3
SH-18-07-42779-44,1,1,1,3
SH-18-07-42790-33,1,1,1,3
SH-18-07-42806-11,1,1,1,3
SH-18-07-49472-849,1,1,1,3
SH-18-07-56595-268,1,1,1,3
SH-18-07-7926-973,1,1,1,3
SH-18-08-15253-19,1,1,1,3
SH-18-08-16599-832,0,1,1,2
SH-18-08-21355-645,1,0,1,2
SH-18-08-34210-587,1,1,1,3
SH-18-08-40004-417,1,1,1,3
SH-18-08-41515-11,1,0,0,1
SH-18-08-45345-846,1,1,1,3
SH-18-08-48224-812,1,1,1,3
SH-18-08-48281-506,1,1,1,3
SH-18-08-49923-113,1,1,1,3
SH-18-08-50319-771,1,0,1,2
SH-18-08-51474-558,1,0,1,2
SH-18-08-52330-129,1,0,1,2
SH-18-08-60029-843,0,0,1,1
SH-18-08-8642-992,1,1,1,3
SH-18-09-24272-299,1,0,1,2
SH-18-09-34266-426,1,1,1,3
SH-18-09-35670-14,1,1,1,3
SH-18-09-39058-86,1,1,1,3
SH-18-09-39933-890,1,1,1,3
SH-18-09-40577-606,1,1,1,3
SH-18-09-43138-808,1,1,1,3
SH-18-09-4488-456,1,1,1,3
SH-18-09-6840-875,1,0,1,2
SH-18-09-8588-179,1,1,1,3
SH-18-10-13642-883,1,0,1,2
SH-18-10-20763-56,1,1,1,3
SH-18-10-26963-668,1,1,1,3
SH-18-10-27890-198,1,1,1,3
SH-18-10-31387-881,1,1,1,3
SH-18-10-34271-667,1,1,1,3
SH-18-10-34792-342,1,1,1,3
SH-18-10-35466-644,1,1,1,3
SH-18-10-36499-288,1,1,1,3
SH-18-10-37295-311,1,1,1,3
SH-18-10-40055-213,1,0,1,2
SH-18-10-40096-767,1,1,1,3
SH-18-10-42827-225,1,1,1,3
SH-18-10-43794-164,1,1,1,3
SH-18-10-44427-975,1,1,1,3
SH-18-10-44666-332,1,1,1,3
SH-18-10-44694-810,1,1,1,3
SH-18-10-45165-365,1,1,1,3
SH-18-10-51139-757,1,1,1,3
SH-18-10-52781-580,0,1,1,2
SH-18-10-55035-25,1,1,1,3
SH-18-10-57332-11,1,1,0,2
SH-18-10-62687-867,1,1,0,2
SH-18-11-13194-916,1,1,1,3
SH-18-11-21280-110,1,1,1,3
SH-18-11-22402-11,1,1,1,3
SH-18-11-2531-33,0,1,1,2
SH-18-11-26685-843,1,1,1,3
SH-18-11-28045-455,1,1,1,3
SH-18-11-29779-83,1,1,1,3
SH-18-11-3518-357,1,1,1,3
SH-18-11-38531-99,1,1,1,3
SH-18-11-50521-226,1,0,1,2
SH-18-11-5434-756,1,1,1,3
SH-18-11-55809-739,1,1,1,3
SH-18-11-55830-496,1,1,1,3
SH-18-11-5672-733,1,0,1,2
SH-18-11-57409-178,0,1,1,2
SH-18-11-57417-46,1,1,1,3
SH-18-11-60947-383,1,1,1,3
SH-18-11-6244-785,1,1,1,3
SH-18-11-6308-62,1,1,1,3
SH-18-11-6336-311,1,1,1,3
SH-18-11-67029-667,1,1,1,3
SH-18-11-68700-717,1,1,1,3
SH-18-11-69202-33,1,1,1,3
SH-18-12-14555-290,1,0,1,2
SH-18-12-1515-864,1,1,1,3
SH-18-12-17023-636,0,1,1,2
SH-18-12-19965-276,1,1,1,3
SH-18-12-29899-510,1,1,0,2
SH-18-12-30452-646,1,1,1,3
SH-18-12-33697-828,1,1,1,3
SH-18-12-36786-845,1,1,1,3
SH-18-12-37780-936,1,0,0,1
SH-18-12-45937-176,1,1,1,3
SH-18-12-50998-399,1,1,1,3
SH-18-12-55741-110,1,1,1,3
SH-18-12-61099-667,1,1,1,3
SH-18-12-62580-32,1,1,1,3
SH-18-12-73620-755,1,1,1,3
SH-19-01-11545-307,1,1,1,3
SH-19-01-15638-134,1,1,1,3
SH-19-01-15744-974,1,1,1,3
SH-19-01-21175-577,1,1,1,3
SH-19-01-21806-22,1,1,1,3
SH-19-01-24348-321,1,1,1,3
SH-19-01-29337-994,1,1,1,3
SH-19-01-30717-516,1,1,1,3
SH-19-01-44843-989,1,1,1,3
SH-19-01-54750-469,1,1,1,3
SH-19-01-54845-115,0,0,1,1
SH-19-01-58215-363,1,1,1,3
SH-19-01-60803-356,1,1,1,3
SH-19-01-61430-285,1,1,1,3
SH-19-01-61470-699,1,0,1,2
SH-19-01-64711-88,1,1,1,3
SH-19-01-73367-453,1,1,1,3
SH-19-01-7349-510,1,1,1,3
SH-19-01-73863-78,1,0,1,2
SH-19-01-75278-58,1,1,1,3
SH-19-01-76632-658,1,1,1,3
SH-19-01-76834-644,1,1,1,3
SH-19-01-80761-988,1,0,1,2
SH-19-01-8103-160,1,1,1,3
SH-19-02-16058-273,1,1,1,3
SH-19-02-18944-648,1,0,1,2
SH-19-02-23577-836,1,1,1,3
SH-19-02-25085-1,1,0,1,2
SH-19-02-2548-164,1,0,1,2
SH-19-02-3201-99,1,0,1,2
SH-19-02-32156-580,1,1,1,3
SH-19-02-375-70,1,1,1,3
SH-19-02-40412-789,1,0,1,2
SH-19-02-41950-743,1,1,1,3
SH-19-02-46935-128,0,1,1,2
SH-19-02-57089-901,1,0,1,2
SH-19-02-58269-573,1,1,1,3
SH-19-02-59313-353,1,1,1,3
SH-19-02-61181-716,0,0,1,1
SH-19-02-63997-156,1,1,1,3
SH-19-02-64041-257,1,1,1,3
SH-19-02-67913-684,1,1,1,3
SH-19-02-68908-683,1,1,1,3
SH-19-02-6918-628,1,1,0,2
SH-19-02-70231-614,1,0,1,2
SH-19-02-71968-515,1,1,1,3
SH-19-02-72131-350,1,1,1,3
SH-19-03-11868-776,1,1,1,3
SH-19-03-13535-333,1,1,1,3
SH-19-03-1611-955,1,0,1,2
SH-19-03-33331-820,1,1,1,3
SH-19-03-38478-178,1,1,1,3
SH-19-03-44336-44,1,1,1,3
SH-19-03-45874-22,1,1,1,3
SH-19-03-46894-499,1,1,1,3
SH-19-03-47284-345,1,1,1,3
SH-19-03-47813-933,1,1,1,3
SH-19-03-50607-561,1,1,1,3
SH-19-03-56456-439,1,1,1,3
SH-19-03-59970-864,1,1,1,3
SH-19-03-60519-247,1,1,1,3
SH-19-03-6163-50,1,1,1,3
SH-19-03-62073-776,1,1,1,3
SH-19-03-62134-738,1,1,1,3
SH-19-03-63672-991,1,1,1,3
SH-19-03-66306-63,1,1,1,3
SH-19-03-7091-293,1,1,1,3
SH-19-03-71059-974,1,1,1,3
SH-19-04-10469-932,1,1,1,3
SH-19-04-1463-689,1,1,1,3
SH-19-04-15596-726,1,1,1,3
SH-19-04-15989-243,1,1,1,3
SH-19-04-18203-845,1,1,1,3
SH-19-04-26247-941,1,1,1,3
SH-19-04-2848-336,1,0,1,2
SH-19-04-30343-905,1,1,1,3
SH-19-04-32879-514,1,1,1,3
SH-19-04-33228-662,1,0,1,2
SH-19-04-34832-8644,1,0,1,2
SH-19-04-35051-716,1,1,1,3
SH-19-04-40186-268,1,1,1,3
SH-19-04-47874-67,1,1,1,3
SH-19-04-58141-380,1,1,1,3
SH-19-04-7342-316,1,1,1,3
SH-19-05-11592-11,1,1,1,3
SH-19-05-12082-433,1,1,1,3
SH-19-05-12212-803,1,0,1,2
SH-19-05-18320-81,1,1,1,3
SH-19-05-18368-701,1,1,1,3
SH-19-05-18499-581,1,1,1,3
SH-19-05-19639-769,1,0,1,2
SH-19-05-22531-369,1,1,1,3
SH-19-05-31276-703,1,1,1,3
SH-19-05-32991-181,1,1,1,3
SH-19-05-41247-961,1,1,1,3
SH-19-05-4781-242,1,1,1,3
SH-19-05-51520-70,1,1,1,3
SH-19-05-57253-11,1,1,1,3
SH-19-05-61989-223,1,1,1,3
SH-19-05-7420-960,1,1,1,3
SH-19-05-8624-885,1,1,1,3
SH-19-05-9773-858,1,1,1,3
SH-19-06-11334-339,1,1,1,3
SH-19-06-11597-5,1,1,1,3
SH-19-06-1197-839,1,0,1,2
SH-19-06-15424-924,1,1,1,3
SH-19-06-16457-653,1,0,1,2
SH-19-06-18280-972,1,0,1,2
SH-19-06-19883-731,1,1,1,3
SH-19-06-2300-625,1,1,1,3
SH-19-06-27952-235,1,1,1,3
SH-19-06-28032-92,1,1,1,3
SH-19-06-3282-315,1,1,1,3
SH-19-06-39495-717,1,0,1,2
SH-19-06-41262-714,1,1,1,3
SH-19-06-45102-509,1,0,1,2
SH-19-06-45133-601,1,1,1,3
SH-19-06-45279-987,1,0,0,1
SH-19-06-54036-173,1,1,1,3
SH-19-06-57202-504,1,0,1,2
SH-19-06-61780-111,1,0,0,1
SH-19-06-63434-484,1,1,1,3
SH-19-06-63452-842,1,1,1,3
SH-19-06-63473-393,1,1,1,3
SH-19-06-64995-675,1,1,1,3
SH-19-07-28785-577,1,1,1,3
SH-19-07-30849-992,1,1,1,3
SH-19-07-31234-148,1,1,1,3
SH-19-07-47396-189,0,1,1,2
SH-19-07-53124-924,1,1,1,3
SH-19-07-5317-41,1,1,1,3
SH-19-07-5341-33,1,1,1,3
SH-19-07-60575-756,1,1,1,3
SH-19-07-64379-162,1,1,1,3
SH-19-07-66195-134,1,1,1,3
SH-19-07-7027-822,1,1,1,3
SH-19-07-76327-767,1,1,1,3
SH-19-08-13053-390,1,1,1,3
SH-19-08-16374-115,1,1,1,3
SH-19-08-18484-417,1,0,0,1
SH-19-08-19936-312,1,1,1,3
SH-19-08-19988-563,1,1,1,3
SH-19-08-22029-775,1,0,1,2
SH-19-08-26414-948,1,1,1,3
SH-19-08-26928-277,1,1,1,3
SH-19-08-30615-128,1,1,1,3
SH-19-08-33421-111,1,1,1,3
SH-19-08-36892-580,1,1,1,3
SH-19-08-50359-11,1,1,1,3
SH-19-08-51165-593,1,1,1,3
SH-19-08-54340-798,1,0,1,2
SH-19-08-58908-656,1,0,1,2
SH-19-08-6434-114,1,1,1,3
SH-19-08-7926-922,1,0,1,2
SH-19-09-10054-623,1,1,1,3
SH-19-09-19545-642,1,0,1,2
SH-19-09-30094-137,1,1,1,3
SH-19-09-30310-178,1,1,1,3
SH-19-09-32082-795,1,0,1,2
SH-19-09-34706-74,1,1,1,3
SH-19-09-36775-692,1,1,1,3
SH-19-09-40238-452,1,1,1,3
SH-19-09-59199-481,1,1,1,3
SH-19-09-65386-570,1,1,1,3
SH-19-09-6666-834,1,1,1,3
SH-19-09-67472-33,1,1,1,3
SH-19-10-10140-216,1,1,1,3
SH-19-10-10215-679,1,1,1,3
SH-19-10-15709-44,1,1,1,3
SH-19-10-16525-33,1,1,1,3
SH-19-10-21056-94,1,0,1,2
SH-19-10-21284-633,1,1,1,3
SH-19-10-21322-805,1,1,1,3
SH-19-10-22804-739,1,1,1,3
SH-19-10-29523-55,1,0,1,2
SH-19-10-31817-871,1,0,1,2
SH-19-10-31827-559,1,0,1,2
SH-19-10-34960-863,1,1,1,3
SH-19-10-37692-286,1,1,1,3
SH-19-10-42164-703,0,1,1,2
SH-19-10-44449-241,1,1,1,3
SH-19-10-53195-428,0,1,1,2
SH-19-10-53961-133,1,0,1,2
SH-19-10-56018-20,1,1,1,3
SH-19-10-8858-55,1,0,1,2
SH-19-10-9145-555,1,1,1,3
SH-19-11-14734-473,1,1,1,3
SH-19-11-18218-11,1,1,1,3
SH-19-11-18912-55,1,0,1,2
SH-19-11-20854-55,1,0,0,1
SH-19-11-24079-333,1,1,1,3
SH-19-11-26550-590,1,1,1,3
SH-19-11-2802-832,1,1,1,3
SH-19-11-4207-11,1,0,1,2
SH-19-11-42378-55,1,1,0,2
SH-19-11-43841-970,1,1,1,3
SH-19-11-44387-773,1,1,1,3
SH-19-11-47336-767,1,0,0,1
SH-19-11-51526-636,1,1,1,3
SH-19-11-54783-710,0,1,1,2
SH-19-11-6047-641,1,1,1,3
SH-19-11-62837-743,1,1,1,3
SH-19-11-67580-619,1,1,1,3
SH-19-11-70531-903,1,1,1,3
SH-19-11-8202-996,1,1,1,3
SH-19-11-9763-447,1,0,1,2
SH-19-12-18336-426,1,0,1,2
SH-19-12-18353-238,1,0,1,2
SH-19-12-30746-881,1,1,1,3
SH-19-12-32722-619,1,1,1,3
SH-19-12-3603-925,1,1,1,3
SH-19-12-40306-19,1,1,1,3
SH-19-12-41730-788,1,1,1,3
SH-19-12-53235-677,1,1,1,3
SH-19-12-55217-300,1,1,1,3
SH-19-12-55857-356,1,1,1,3
SH-19-12-56624-363,1,1,1,3
SH-19-12-59165-499,1,1,1,3
SH-19-12-60057-797,1,1,1,3
SH-19-12-65577-650,1,1,1,3
SH-19-12-65763-975,1,1,1,3
SH-19-12-7667-416,1,1,1,3
SH-20-01-10814-88,0,1,1,2
SH-20-01-21530-319,1,1,1,3
SH-20-01-25269-650,1,1,1,3
SH-20-01-26079-655,1,1,1,3
SH-20-01-32253-659,1,1,1,3
SH-20-01-35441-67,1,1,1,3
SH-20-01-37473-934,1,1,1,3
SH-20-01-38551-503,1,1,1,3
SH-20-01-39647-917,1,1,1,3
SH-20-01-4136-691,1,1,1,3
SH-20-01-42692-200,1,1,1,3
SH-20-01-42704-497,1,0,1,2
SH-20-01-52145-235,1,1,1,3
SH-20-01-54026-706,1,1,1,3
SH-20-01-58617-214,1,0,1,2
SH-20-01-61659-643,1,1,1,3
SH-20-01-62359-55,1,0,0,1
SH-20-01-72418-668,1,1,1,3
SH-20-01-74108-224,1,1,1,3
SH-20-02-11701-114,1,1,1,3
SH-20-02-15535-383,1,1,1,3
SH-20-02-15997-235,1,1,1,3
SH-20-02-16449-877,1,1,1,3
SH-20-02-16802-443,1,0,1,2
SH-20-02-20393-38,1,1,1,3
SH-20-02-20403-532,1,1,1,3
SH-20-02-2330-728,1,1,1,3
SH-20-02-25137-992,1,0,1,2
SH-20-02-25852-467,1,1,1,3
SH-20-02-28725-144,1,1,1,3
SH-20-02-31306-777,1,1,1,3
SH-20-02-33834-303,1,1,1,3
SH-20-02-34222-44,0,0,0,0
SH-20-02-35543-227,1,1,1,3
SH-20-02-37166-538,0,1,1,2
SH-20-02-37265-233,0,1,1,2
SH-20-02-39612-819,1,1,1,3
SH-20-02-40512-229,1,1,1,3
SH-20-02-43524-420,1,1,1,3
SH-20-02-46735-301,1,1,1,3
SH-20-02-48152-11,1,1,1,3
SH-20-02-49042-925,1,1,1,3
SH-20-02-50754-25,0,1,1,2
SH-20-02-50860-44,1,1,1,3
SH-20-02-51504-485,1,1,1,3
SH-20-02-5391-890,1,1,1,3
SH-20-02-54728-55,1,1,1,3
SH-20-02-56199-55,1,1,1,3
SH-20-02-56922-105,1,1,1,3
SH-20-02-58050-815,1,1,1,3
SH-20-02-68604-677,1,1,1,3
SH-20-02-7441-522,1,1,1,3
SH-20-02-9210-346,1,1,1,3
SH-20-03-12352-24,1,0,1,2
SH-20-03-14474-448,1,1,1,3
SH-20-03-14786-577,0,1,1,2
SH-20-03-24895-917,1,0,1,2
SH-20-03-28480-821,1,1,1,3
SH-20-03-28736-975,1,1,1,3
SH-20-03-35359-718,1,1,1,3
SH-20-03-35412-798,1,1,1,3
SH-20-03-35893-948,1,1,1,3
SH-20-03-36577-33,1,1,1,3
SH-20-03-37153-963,1,1,1,3
SH-20-03-38311-366,1,0,1,2
SH-20-03-45150-518,1,1,1,3
SH-20-03-48239-340,1,1,1,3
SH-20-03-48316-767,1,1,1,3
SH-20-03-48695-260,1,1,1,3
SH-20-03-516-896,1,1,1,3
SH-20-03-54929-280,1,0,1,2
SH-20-03-7660-689,1,1,1,3
SH-20-03-8707-545,1,1,1,3
SH-20-03-988-175,1,1,1,3
SH-20-04-1071-201,1,1,1,3
SH-20-04-11804-970,1,1,1,3
SH-20-04-14332-368,1,0,1,2
SH-20-04-20147-474,1,1,1,3
SH-20-04-24053-777,1,0,0,1
SH-20-04-25060-598,1,1,1,3
SH-20-04-27126-218,1,0,0,1
SH-20-05-11145-100,1,1,1,3
SH-20-05-1127-580,1,1,1,3
SH-20-05-1417-702,0,1,1,2
SH-20-05-15023-33,0,1,1,2
SH-20-05-21052-204,1,0,1,2
SH-20-05-2125-108,1,0,1,2
SH-20-05-24139-599,1,1,1,3
SH-20-05-24296-211,1,1,1,3
SH-20-05-2482-501,1,1,1,3
SH-20-05-27495-138,1,0,1,2
SH-20-05-28746-251,1,1,1,3
SH-20-05-34079-552,1,1,1,3
SH-20-05-37932-437,1,0,1,2
SH-20-05-38680-181,1,1,1,3
SH-20-05-41088-448,1,1,1,3
SH-20-05-41865-665,0,0,0,0
SH-20-05-48357-766,1,1,1,3
SH-20-05-52552-465,1,1,1,3
SH-20-05-54257-962,1,1,1,3
SH-20-05-55185-143,1,0,1,2
SH-20-05-58282-54,0,0,0,0
SH-20-05-62896-665,1,1,1,3
SH-20-05-67021-566,1,1,1,3
SH-20-05-8304-368,1,1,1,3
SH-20-06-11406-854,1,1,1,3
SH-20-06-12380-808,1,1,1,3
SH-20-06-15972-984,1,1,1,3
SH-20-06-18828-471,1,1,1,3
SH-20-06-20513-421,1,1,1,3
SH-20-06-21651-173,1,1,1,3
SH-20-06-30386-33,1,0,1,2
SH-20-06-31806-182,1,1,1,3
SH-20-06-32917-968,1,1,1,3
SH-20-06-32945-371,1,1,1,3
SH-20-06-34105-806,1,0,1,2
SH-20-06-41339-550,0,1,1,2
SH-20-06-53298-331,1,0,1,2
SH-20-06-55430-695,1,1,1,3
SH-20-06-55462-122,1,1,1,3
SH-20-06-57459-683,0,1,1,2
SH-20-06-57778-795,1,1,1,3
SH-20-06-59811-548,1,1,1,3
SH-20-06-61962-490,1,1,1,3
SH-20-06-62866-707,1,1,1,3
SH-20-06-63213-128,1,0,1,2
SH-20-06-66755-326,1,1,1,3
SH-20-06-67234-151,1,0,1,2
SH-20-06-70434-754,1,1,1,3
SH-20-06-70552-55,1,0,1,2
SH-20-06-70755-105,1,1,1,3
SH-20-06-72369-55,1,0,1,2
SH-20-06-8597-627,1,1,1,3
SH-20-06-9216-305,1,1,1,3
SH-20-06-9220-17,1,1,1,3
SH-20-07-12748-451,1,1,1,3
SH-20-07-19410-451,1,0,1,2
SH-20-07-23338-117,1,1,1,3
SH-20-07-24243-105,1,1,1,3
SH-20-07-24358-208,1,1,0,2
SH-20-07-27373-833,0,1,1,2
SH-20-07-28173-840,1,1,1,3
SH-20-07-30702-746,1,1,1,3
SH-20-07-32174-787,1,1,1,3
SH-20-07-32597-716,1,0,1,2
SH-20-07-34771-653,1,1,1,3
SH-20-07-40097-409,1,1,1,3
SH-20-07-40199-162,1,1,1,3
SH-20-07-46177-312,1,0,1,2
SH-20-07-56355-274,1,1,1,3
SH-20-07-56694-206,1,1,1,3
SH-20-07-68973-209,1,1,1,3
SH-20-07-69400-857,1,0,1,2
SH-20-07-70274-481,1,1,1,3
SH-20-07-7832-803,1,1,1,3
SH-20-07-8287-41,1,1,1,3
SH-20-08-12241-16,1,1,1,3
SH-20-08-24302-570,1,1,1,3
SH-20-08-28954-55,1,1,1,3
SH-20-08-36602-525,1,0,1,2
SH-20-08-37803-94,1,1,1,3
SH-20-08-4606-818,1,0,1,2
SH-20-08-49845-286,1,1,1,3
SH-20-08-52348-813,1,1,1,3
SH-20-08-52729-222,1,1,1,3
SH-20-08-54068-884,1,1,1,3
SH-20-08-54327-788,1,1,1,3
SH-20-08-56566-668,1,1,1,3
SH-20-08-59112-55,1,1,0,2
SH-20-08-59554-453,1,1,1,3
SH-20-08-59571-226,1,0,1,2
SH-20-08-59947-679,1,1,1,3
SH-20-08-60427-469,1,1,1,3
SH-20-08-8510-474,1,1,1,3
SH-20-09-11765-14,1,0,1,2
SH-20-09-1390-241,1,1,1,3
SH-20-09-28292-664,1,1,1,3
SH-20-09-28913-120,1,0,0,1
SH-20-09-28931-672,1,1,1,3
SH-20-09-32765-911,1,0,1,2
SH-20-09-3503-88,1,1,1,3
SH-20-09-36849-696,1,1,1,3
SH-20-09-43084-871,1,1,1,3
SH-20-09-57378-955,1,0,1,2
SH-20-09-58979-470,1,1,1,3
SH-20-09-6316-712,1,1,1,3
SH-20-10-14941-493,1,1,1,3
SH-20-10-19830-55,1,1,1,3
SH-20-10-20264-735,1,1,1,3
SH-20-10-22830-200,1,0,1,2
SH-20-10-29591-812,1,0,0,1
SH-20-10-34753-464,1,1,1,3
SH-20-10-34839-919,1,1,1,3
SH-20-10-37062-730,1,1,1,3
SH-20-10-37282-946,1,1,1,3
SH-20-10-40920-183,1,1,1,3
SH-20-10-44550-716,0,1,1,2
SH-20-10-56754-225,0,1,1,2
SH-20-10-59619-48,1,1,1,3
SH-20-10-60606-802,1,1,1,3
SH-20-10-61370-425,1,1,1,3
SH-20-10-8960-745,1,1,1,3
SH-20-11-14642-88,1,1,1,3
SH-20-11-15063-276,1,1,1,3
SH-20-11-15208-187,1,1,1,3
SH-20-11-31596-635,1,1,1,3
SH-20-11-37305-49,1,1,1,3
SH-20-11-45623-567,1,0,1,2
SH-20-11-48974-11,1,1,1,3
SH-20-11-49467-111,1,1,1,3
SH-20-11-5496-74,1,0,1,2
SH-20-11-57105-55,1,0,1,2
SH-20-11-68386-471,1,1,1,3
SH-20-11-68456-643,1,1,1,3
SH-20-11-68645-290,1,1,1,3
SH-20-11-69281-446,1,1,1,3
SH-20-11-69899-315,1,1,1,3
SH-20-11-70374-139,1,1,1,3
SH-20-12-10494-921,1,1,1,3
SH-20-12-10596-62,1,1,1,3
SH-20-12-14193-984,1,1,1,3
SH-20-12-14751-141,1,1,1,3
SH-20-12-16715-791,1,1,1,3
SH-20-12-20931-501,1,0,1,2
SH-20-12-24379-831,0,0,1,1
SH-20-12-26688-364,1,1,1,3
SH-20-12-35876-546,1,1,1,3
SH-20-12-38069-475,0,1,1,2
SH-20-12-3919-150,0,1,1,2
SH-20-12-39880-567,1,1,1,3
SH-20-12-52963-394,1,1,1,3
SH-20-12-57130-758,1,1,1,3
SH-20-12-59045-763,1,1,1,3
SH-20-12-62983-702,1,0,1,2
SH-20-12-63029-69,1,1,1,3
SH-20-12-7053-367,1,1,1,3
SH-20-12-70876-822,1,1,1,3
SH-21-01-11879-22,0,1,1,2
SH-21-01-16441-454,1,0,1,2
SH-21-01-16541-529,1,1,1,3
SH-21-01-23798-757,1,1,1,3
SH-21-01-2444-853,1,1,1,3
SH-21-01-27683-132,1,1,1,3
SH-21-01-29520-378,1,1,1,3
SH-21-01-32494-822,1,1,1,3
SH-21-01-32541-670,1,1,1,3
SH-21-01-33146-979,1,1,1,3
SH-21-01-33495-583,1,0,1,2
SH-21-01-41801-694,1,1,1,3
SH-21-01-43525-656,1,1,1,3
SH-21-01-52725-716,1,1,1,3
SH-21-01-52902-378,1,1,1,3
SH-21-01-54957-380,1,1,1,3
SH-21-01-55353-547,1,1,1,3
SH-21-01-57939-41,1,1,1,3
SH-21-01-9705-911,1,1,1,3
SH-21-01-9758-609,1,1,0,2
SH-21-02-13412-624,1,1,1,3
SH-21-02-16363-392,1,0,1,2
SH-21-02-16419-875,1,1,1,3
SH-21-02-21561-411,1,0,1,2
SH-21-02-22206-813,1,1,1,3
SH-21-02-30551-755,1,1,1,3
SH-21-02-30913-587,1,1,1,3
SH-21-02-31177-928,1,1,1,3
SH-21-02-34752-40,1,1,1,3
SH-21-02-39690-282,1,1,1,3
SH-21-02-43480-19,0,1,1,2
SH-21-02-43911-618,1,1,1,3
SH-21-02-43978-817,1,1,1,3
SH-21-02-50474-179,1,1,1,3
SH-21-02-55654-702,1,1,1,3
SH-21-02-57960-11,0,0,1,1
SH-21-02-59017-258,1,1,1,3
SH-21-02-6659-75,1,1,1,3
SH-21-02-7858-44,1,1,1,3
SH-21-02-9733-517,1,1,1,3
SH-21-03-10029-890,1,1,1,3
SH-21-03-10265-563,0,1,1,2
SH-21-03-10393-815,1,1,1,3
SH-21-03-16231-619,0,1,1,2
SH-21-03-16595-617,1,1,1,3
SH-21-03-16982-336,1,1,1,3
SH-21-03-19425-842,1,1,1,3
SH-21-03-22061-948,1,1,1,3
SH-21-03-32041-632,1,1,1,3
SH-21-03-37960-55,1,1,1,3
SH-21-03-38169-11,1,0,1,2
SH-21-03-38257-247,1,1,1,3
SH-21-03-38663-11,1,1,1,3
SH-21-03-41902-587,1,1,1,3
SH-21-03-42497-975,0,1,1,2
SH-21-03-43263-893,1,0,1,2
SH-21-03-43354-205,1,1,1,3
SH-21-03-48394-305,1,1,1,3
SH-21-03-48460-727,1,0,1,2
SH-21-03-48791-78,1,1,1,3
SH-21-03-49106-170,1,1,1,3
SH-21-03-56588-51,0,0,1,1
SH-21-03-56691-73,1,1,1,3
SH-21-03-56850-36,1,1,1,3
SH-21-03-59117-548,1,1,1,3
SH-21-03-60348-62,1,0,0,1
SH-21-03-7171-604,1,1,1,3
SH-21-03-9380-342,1,1,1,3
SH-21-03-9561-965,1,0,1,2
SH-21-03-9594-55,1,1,1,3
SH-21-04-13525-819,1,1,1,3
SH-21-04-2043-268,1,1,1,3
SH-21-04-20454-273,1,1,1,3
SH-21-04-21392-680,1,1,1,3
SH-21-04-23443-339,1,1,1,3
SH-21-04-24763-607,1,1,1,3
SH-21-04-26153-493,1,1,1,3
SH-21-04-30013-546,1,1,1,3
SH-21-04-31837-663,1,0,1,2
SH-21-04-3526-322,1,1,1,3
SH-21-04-37744-641,1,1,1,3
SH-21-04-380-4,1,1,1,3
SH-21-04-45489-631,1,1,1,3
SH-21-04-50729-384,1,1,1,3
SH-21-04-51938-860,1,1,1,3
SH-21-04-60835-525,1,1,1,3
SH-21-04-61792-743,0,1,1,2
SH-21-04-62814-956,1,1,1,3
SH-21-04-64269-161,1,1,1,3
SH-21-04-8689-70,0,1,1,2
SH-21-04-8995-789,1,0,1,2
SH-21-05-14615-799,1,1,1,3
SH-21-05-17162-929,1,1,1,3
SH-21-05-1722-394,1,1,1,3
SH-21-05-20246-806,1,0,1,2
SH-21-05-2036-462,1,1,1,3
SH-21-05-27475-889,1,1,1,3
SH-21-05-29177-869,1,1,1,3
SH-21-05-33805-770,1,1,1,3
SH-21-05-40146-982,1,0,1,2
SH-21-05-43544-278,1,1,1,3
SH-21-05-44174-721,1,1,1,3
SH-21-05-47080-33,1,1,1,3
SH-21-05-53884-315,1,1,1,3
SH-21-05-59009-899,1,1,1,3
SH-21-05-60321-804,1,1,1,3
SH-21-05-64742-106,1,0,0,1
SH-21-05-7800-521,0,0,1,1
SH-21-05-9228-942,1,0,1,2
SH-21-06-15091-33,1,1,1,3
SH-21-06-15667-448,1,1,1,3
SH-21-06-18593-102,1,1,1,3
SH-21-06-24494-481,0,0,1,1
SH-21-06-24516-485,1,1,1,3
SH-21-06-24771-303,1,1,1,3
SH-21-06-25351-252,1,0,1,2
SH-21-06-27819-225,1,1,1,3
SH-21-06-31736-287,0,0,1,1
SH-21-06-44279-321,1,0,1,2
SH-21-06-4855-277,1,1,1,3
SH-21-06-49910-264,1,1,1,3
SH-21-06-55331-137,1,1,1,3
SH-21-06-56293-964,1,1,1,3
SH-21-06-58562,1,1,1,3
SH-21-06-59284-925,1,1,1,3
SH-21-06-7833-292,1,1,1,3
SH-21-06-7994-350,1,1,1,3
SH-21-06-8118-612,1,1,1,3
SH-21-06-986-611,0,0,1,1
SH-21-07-16332-16,1,1,1,3
SH-21-07-16379-715,1,0,0,1
SH-21-07-17701-647,1,1,1,3
SH-21-07-1873-205,1,1,1,3
SH-21-07-21339-443,1,1,1,3
SH-21-07-31701-244,1,1,1,3
SH-21-07-45996-319,1,0,1,2
SH-21-07-48404-258,1,0,0,1
SH-21-07-58237-369,1,1,1,3
SH-21-07-64206-491,1,1,1,3
SH-21-08-1054-565,1,1,1,3
SH-21-08-1175-838,1,1,1,3
SH-21-08-14442-271,1,1,1,3
SH-21-08-21127-586,1,0,1,2
SH-21-08-27335-47,1,1,1,3
SH-21-08-29209-725,1,1,1,3
SH-21-08-29602-588,1,0,0,1
SH-21-08-31892-211,1,1,1,3
SH-21-08-35686-210,1,1,1,3
SH-21-08-36546-752,1,1,1,3
SH-21-08-39829-80,1,1,1,3
SH-21-08-42707-443,1,1,1,3
SH-21-08-43665-554,1,1,1,3
SH-21-08-45516-505,1,1,1,3
SH-21-08-49269-295,1,1,1,3
SH-21-08-49932-473,1,1,1,3
SH-21-08-51762-951,1,0,1,2
SH-21-08-58944-289,1,1,1,3
SH-21-08-61820-550,0,1,1,2
SH-21-08-67160-600,1,0,0,1
SH-21-08-68577-535,1,1,1,3
SH-21-08-68578-55,1,0,1,2
SH-21-09-11217-653,1,1,1,3
SH-21-09-17898-199,1,1,1,3
SH-21-09-22371-304,0,1,1,2
SH-21-09-25089-244,1,1,1,3
SH-21-09-26526-508,1,1,1,3
SH-21-09-32179-570,1,1,1,3
SH-21-09-33522-747,1,1,1,3
SH-21-09-35204-559,1,1,1,3
SH-21-09-3593-701,1,1,1,3
SH-21-09-3766-803,1,1,1,3
SH-21-09-38764-269,1,1,1,3
SH-21-09-42879-201,1,1,1,3
SH-21-09-5486-1,1,1,1,3
SH-21-09-927-55,1,0,1,2
SH-21-10-1064-351,1,1,1,3
SH-21-10-13549-194,1,1,1,3
SH-21-10-15475-66,1,1,1,3
SH-21-10-15587-994,1,1,1,3
SH-21-10-17415-385,1,1,1,3
SH-21-10-24858-818,1,1,1,3
SH-21-10-27743-182,0,1,1,2
SH-21-10-27790-563,1,1,1,3
SH-21-10-30884-544,1,1,1,3
SH-21-10-3092-314,1,1,0,2
SH-21-10-35938-269,0,1,1,2
SH-21-10-51336-477,1,1,1,3
SH-21-10-5188-376,1,1,1,3
SH-21-10-53452-349,1,1,1,3
SH-21-10-55444-637,1,1,1,3
SH-21-10-61718-652,0,0,1,1
SH-21-10-62155-228,1,1,1,3
SH-21-10-67473-712,1,1,1,3
SH-21-10-69325-703,1,1,1,3
SH-21-10-71830-813,1,1,1,3
SH-21-10-72027-59,1,1,1,3
SH-21-11-10108-286,1,1,1,3
SH-21-11-1197-741,1,1,1,3
SH-21-11-12672-208,1,1,1,3
SH-21-11-22978-646,1,1,1,3
SH-21-11-24989-808,1,0,0,1
SH-21-11-27402-44,1,1,1,3
SH-21-11-31170-437,1,1,1,3
SH-21-11-3851-595,1,1,1,3
SH-21-11-43482-164,1,1,1,3
SH-21-11-44015-93,1,1,1,3
SH-21-11-47780-86,1,0,1,2
SH-21-11-5072-346,1,1,1,3
SH-21-11-50913-292,1,1,1,3
SH-21-11-51259-502,1,1,1,3
SH-21-11-54351-115,1,1,1,3
SH-21-11-55324-417,0,1,1,2
SH-21-11-65310-621,1,0,1,2
SH-21-11-68166-881,1,1,1,3
SH-21-11-9225-757,1,1,1,3
SH-21-12-10560-5,1,1,1,3
SH-21-12-10788-105,1,1,1,3
SH-21-12-13583-55,0,1,1,2
SH-21-12-14611-33,1,1,1,3
SH-21-12-16783-273,1,1,1,3
SH-21-12-17541-752,1,1,1,3
SH-21-12-20161-22,1,1,1,3
SH-21-12-21547-167,1,1,1,3
SH-21-12-27149-706,1,1,1,3
SH-21-12-30558-406,1,1,1,3
SH-21-12-41970-211,1,1,1,3
SH-21-12-5043-957,1,1,1,3
SH-21-12-51352-725,1,1,1,3
SH-21-12-52204-260,1,1,1,3
SH-21-12-55335-335,1,1,1,3
SH-21-12-59578-330,1,1,1,3
SH-21-12-8330-345,1,1,1,3
SH-21-12-9111-691,1,1,1,3
SH-22-01-1245-668,1,0,1,2
SH-22-01-1387-974,0,0,1,1
SH-22-01-16014-223,1,1,1,3
SH-22-01-18584-595,1,1,1,3
SH-22-01-21020-775,1,1,1,3
SH-22-01-21142-171,1,0,1,2
SH-22-01-28615-799,1,1,1,3
SH-22-01-30506-413,1,0,0,1
SH-22-01-33898-590,1,1,1,3
SH-22-01-45270-521,1,1,1,3
SH-22-01-49244-742,1,1,1,3
SH-22-01-52282-762,1,1,1,3
SH-22-01-60681-269,1,1,1,3
SH-22-01-64660-493,1,1,1,3
SH-22-01-66889-845,0,1,1,2
SH-22-01-906-717,1,0,1,2
SH-22-02-10096-595,1,1,1,3
SH-22-02-13223-112,1,1,1,3
SH-22-02-15481-496,1,1,1,3
SH-22-02-23613-755,1,0,1,2
SH-22-02-28435-279,1,1,1,3
SH-22-02-28656-349,1,1,1,3
SH-22-02-30678-675,1,1,1,3
SH-22-02-38014-255,1,1,1,3
SH-22-02-4632-955,1,1,1,3
SH-22-02-47113-798,1,1,1,3
SH-22-02-51149-91,1,1,1,3
SH-22-02-59274-645,1,1,1,3
SH-22-02-60605-629,1,1,1,3
SH-22-02-6776-553,1,1,1,3
SH-22-02-8061-414,1,1,1,3
SH-22-03-1297-627,1,1,1,3
SH-22-03-1436-454,1,1,1,3
SH-22-03-17242-44,1,1,1,3
SH-22-03-35208-310,1,1,1,3
SH-22-03-36891-395,1,1,1,3
SH-22-03-3952-896,1,1,1,3
SH-22-03-40650-599,1,1,1,3
SH-22-03-44211-44,1,1,1,3
SH-22-03-50680-275,1,1,1,3
SH-22-03-54141-726,1,0,1,2
SH-22-03-57084-4,1,1,1,3
SH-22-03-60760-652,0,1,1,2
SH-22-03-62924-190,1,1,1,3
SH-22-03-65302-938,1,1,1,3
SH-22-03-66922-347,1,0,1,2
SH-22-03-8613-551,1,0,0,1
SH-22-03-893-889,1,0,1,2
SH-22-04-14460-115,1,1,1,3
SH-22-04-17921-549,1,1,1,3
SH-22-04-23498-944,0,1,1,2
SH-22-04-23659-649,1,1,1,3
SH-22-04-28766-304,1,1,1,3
SH-22-04-29877-669,1,1,1,3
SH-22-04-31867-419,1,0,0,1
SH-22-04-32356-124,1,0,1,2
SH-22-04-33197-56,1,1,1,3
SH-22-04-34018-556,1,1,1,3
SH-22-04-34188-573,1,1,1,3
SH-22-04-34668-74,1,1,1,3
SH-22-04-42539-889,0,1,1,2
SH-22-04-42956-488,1,0,1,2
SH-22-04-50841-650,1,1,1,3
SH-22-04-8417-668,1,1,1,3
SH-22-05-16127-663,1,1,1,3
SH-22-05-19461-115,1,0,1,2
SH-22-05-24117-284,1,0,1,2
SH-22-05-25502-112,1,1,1,3
SH-22-05-25806-212,1,1,1,3
SH-22-05-27405-239,1,1,1,3
SH-22-05-31993-108,1,1,1,3
SH-22-05-32895-667,1,1,1,3
SH-22-05-33615-784,1,1,1,3
SH-22-05-35581-851,1,1,1,3
SH-22-05-36033-112,1,0,1,2
SH-22-05-39259-133,1,0,1,2
SH-22-05-39333-830,1,1,1,3
SH-22-05-49210-467,1,1,1,3
SH-22-05-54682-716,1,1,1,3
SH-22-05-57705-764,1,1,1,3
SH-22-05-60015-777,1,1,1,3
SH-22-05-60855-817,1,1,1,3
SH-22-05-64772-931,1,1,1,3
SH-22-05-8127-44,0,1,1,2
SH-22-06-14663-218,1,1,1,3
SH-22-06-17995-508,1,1,1,3
SH-22-06-1852-938,1,1,1,3
SH-22-06-27416-561,1,1,1,3
SH-22-06-27553-260,0,0,1,1
SH-22-06-34497-368,1,1,1,3
SH-22-06-34824-117,1,0,1,2
SH-22-06-40167-342,1,0,0,1
SH-22-06-50979-535,0,1,1,2
SH-22-06-52205-283,0,1,1,2
SH-22-06-52246-625,1,1,1,3
SH-22-06-54723-510,0,1,1,2
SH-22-06-56960-598,1,1,1,3
SH-22-06-66040-228,1,1,1,3
SH-22-06-8917-659,1,1,1,3
SH-22-07-13113-373,1,1,1,3
SH-22-07-16406-721,1,1,1,3
SH-22-07-22639-132,0,1,1,2
SH-22-07-264-624,1,1,1,3
SH-22-07-48479-994,1,1,1,3
SH-22-07-53212-21,1,1,1,3
SH-22-07-57164-681,0,1,1,2
SH-22-07-59577-683,1,0,1,2
SH-22-07-59618-226,1,1,1,3
SH-22-07-63073-459,1,1,1,3
SH-22-07-9296-668,1,1,1,3
SH-22-08-10095-518,1,1,1,3
SH-22-08-1062-886,0,1,1,2
SH-22-08-15783-380,1,1,1,3
SH-22-08-16218-81,0,1,1,2
SH-22-08-21724-809,1,1,1,3
SH-22-08-21923-869,1,1,1,3
SH-22-08-24748-431,1,1,1,3
SH-22-08-29159-807,1,1,1,3
SH-22-08-41933-41,1,1,1,3
SH-22-08-54179-27,1,1,1,3
SH-22-08-59888-780,1,0,1,2
SH-22-08-60753-223,1,1,1,3
SH-22-08-6988-42,1,1,1,3
SH-22-08-7221-272,1,1,1,3
SH-22-08-9850-710,1,1,1,3
SH-22-09-13836-496,1,0,1,2
SH-22-09-22021-836,1,1,1,3
SH-22-09-24248-614,1,1,1,3
SH-22-09-29664-73,1,1,1,3
SH-22-09-31963-942,1,1,1,3
SH-22-09-38201-594,1,1,1,3
SH-22-09-41368-665,1,1,1,3
SH-22-09-44658-574,0,1,1,2
SH-22-09-54472-220,0,1,1,2
SH-22-09-55487-102,1,1,1,3
SH-22-09-6749-871,1,1,1,3
SH-22-10-10410-581,1,0,0,1
SH-22-10-13249-502,1,1,1,3
SH-22-10-3122-964,1,1,1,3
SH-22-10-31746-117,1,0,1,2
SH-22-10-37997-893,1,1,1,3
SH-22-10-44878-44,1,1,1,3
SH-22-10-47589-965,1,0,1,2
SH-22-10-52751-924,0,1,1,2
SH-22-10-9649-71,1,1,1,3
SH-22-11-11680-908,1,1,1,3
SH-22-11-24278-781,1,1,1,3
SH-22-11-2816-689,1,1,1,3
SH-22-11-31177-55,1,0,1,2
SH-22-11-37606-732,1,1,1,3
SH-22-11-39424-940,1,1,1,3
SH-22-11-39587-22,1,1,1,3
SH-22-11-41751-611,1,1,1,3
SH-22-11-44604-394,1,1,1,3
SH-22-11-45644-268,0,1,1,2
SH-22-11-4765-484,1,1,1,3
SH-22-11-49832-658,1,1,1,3
SH-22-11-54838-627,1,1,1,3
SH-22-11-58075-902,1,1,1,3
SH-22-11-64232-785,1,1,1,3
SH-22-11-65068-214,0,1,1,2
SH-22-11-67911-222,1,1,1,3
SH-22-11-9183-767,0,0,1,1
SH-22-12-20538-211,1,1,1,3
SH-22-12-20853-81,1,1,1,3
SH-22-12-22981-869,1,1,1,3
SH-22-12-34194-202,1,1,1,3
SH-22-12-54676-219,1,1,1,3
SH-22-12-9104-33,1,1,1,3
SH-23-01-1746-70,1,1,1,3
SH-23-01-31271-811,1,1,1,3
SH-23-01-34823-465,1,1,1,3
SH-23-01-43884-246,1,1,1,3
SH-23-01-44503-284,1,1,1,3
SH-23-01-46722-442,0,1,1,2
SH-23-01-48071-749,1,1,1,3
SH-23-01-48751-853,1,1,1,3
SH-23-01-51953-744,1,1,1,3
SH-23-01-61720,1,1,1,3
SH-23-01-62242-941,1,1,1,3
SH-23-01-62333-537,1,1,1,3
SH-23-01-66114-252,0,0,1,1
SH-23-01-69561-801,1,1,1,3
SH-23-01-70576-293,1,1,1,3
SH-23-01-72603-582,1,1,1,3
SH-23-01-73261-513,1,1,1,3
SH-23-01-76171-779,0,1,1,2
SH-23-01-76841-249,0,1,1,2
SH-23-02-11489-432,1,1,1,3
SH-23-02-1232-411,1,1,1,3
SH-23-02-14963-111,1,1,1,3
SH-23-02-21629-964,1,1,1,3
SH-23-02-28157-115,1,1,1,3
SH-23-02-32302-570,1,1,1,3
SH-23-02-41988-839,1,1,1,3
SH-23-02-4621-383,1,1,1,3
SH-23-02-4719-938,1,0,1,2
SH-23-02-56394-918,1,1,1,3
SH-23-02-56726-188,1,0,1,2
SH-23-02-57341-34,1,1,1,3
SH-23-02-67009-724,1,1,1,3
SH-23-02-8681-39,1,1,1,3
SH-23-03-12451-585,1,1,1,3
SH-23-03-1491-44,1,1,1,3
SH-23-03-20257-157,0,1,1,2
SH-23-03-24959-748,1,1,1,3
SH-23-03-3618-990,1,1,1,3
SH-23-03-37696-692,1,1,1,3
SH-23-03-57657-646,1,0,1,2
SH-23-03-65214,1,1,1,3
SH-23-03-66547-203,1,1,1,3
SH-23-03-9222-223,1,1,1,3
SH-23-04-15707-653,1,1,1,3
SH-23-04-1783-519,1,0,1,2
SH-23-04-6793-466,1,1,1,3
SH-23-04-7086-117,1,1,1,3
SH-23-04-9373-378,1,1,1,3
SH-23-04-9457-915,1,1,1,3
SH-23-05-16052-218,1,0,1,2
SH-23-05-33240-748,1,1,1,3
SH-23-05-39391-516,1,1,1,3
SH-23-05-45794-824,1,1,1,3
SH-23-05-4878-433,0,1,1,2
SH-23-05-50864-730,1,1,1,3
SH-23-05-57614-551,1,0,1,2
SH-23-06-12194-645,1,1,1,3
SH-23-06-15315-764,1,1,1,3
SH-23-06-27512-175,1,1,1,3
SH-23-06-50631-555,1,1,1,3
SH-23-07-14215-669,1,1,1,3
SH-23-07-15927-412,1,0,1,2
SH-23-07-17998-776,1,1,1,3
SH-23-07-21503-109,1,1,1,3
SH-23-07-26298-184,1,1,1,3
SH-23-07-27417-780,1,1,1,3
SH-23-07-51488-873,1,0,1,2
SH-23-08-1582-176,0,1,1,2
SH-23-08-21800-364,1,1,1,3
SH-23-08-25150-127,1,1,1,3
SH-23-08-28473-12,1,1,1,3
SH-23-08-30009-79,1,1,1,3
SH-23-08-31579-769,0,1,1,2
SH-23-08-41876-528,1,1,1,3
SH-23-08-51140-369,1,1,1,3
SH-23-09-35342-698,1,1,1,3
SH-23-09-49410-744,0,1,1,2
SH-23-09-50203-698,1,0,1,2
SH-23-09-59699-613,1,1,1,3
SH-23-09-60028-117,1,1,1,3
SH-23-10-55287-342,1,1,1,3
SH-23-10-6766-420,1,0,0,1
SH-23-10-9407-674,1,1,1,3
SH-23-11-13519-916,1,0,1,2
SH-23-11-20330-814,1,0,1,2
SH-23-11-3376-725,1,0,1,2
SH-23-11-38735-178,1,1,1,3
SH-23-11-38910-853,1,0,1,2
SH-23-11-41597-978,1,0,1,2
SH-23-11-42118-974,1,1,1,3
SH-23-11-44070-46,1,1,1,3
SH-23-11-49510-943,1,1,1,3
SH-23-11-50777-782,1,1,1,3
SH-23-11-54272-448,1,1,1,3
SH-23-11-56648-44,1,0,1,2
SH-23-11-8306-514,1,1,1,3
SH-23-12-13704-479,1,0,1,2
SH-23-12-29373-267,1,1,1,3
SH-23-12-32586-685,1,1,1,3
SH-23-12-43174-939,1,1,1,3
SH-23-12-45593-287,1,1,1,3
SH-23-12-46315-764,1,1,1,3
SH-23-12-52876-698,1,1,1,3
SH-23-12-60450-777,1,1,1,3
SH-24-01-13781-11,1,1,1,3
SH-24-01-16800-726,1,1,1,3
SH-24-01-3818-394,1,1,1,3
SH-24-01-57185-579,1,1,1,3
SH-24-01-63953-558,1,1,1,3
SH-24-01-9804-702,1,1,1,3
SH-24-02-1506-334,1,1,1,3
SH-24-02-1562-477,1,0,1,2
SH-24-02-34196-253,1,1,1,3
SH-24-02-4712-931,1,1,1,3
SH-24-02-61248-510,1,1,1,3
SH-24-02-63404-990,1,1,1,3
SH-24-02-63738-250,1,0,1,2
SH-24-02-67359-702,1,1,1,3
SH-24-03-11191-772,1,1,1,3
SH-24-03-1404-178,1,1,1,3
SH-24-03-15972-588,1,1,1,3
SH-24-03-18327-547,1,1,1,3
SH-24-03-3024-674,0,1,1,2
SH-24-03-62278-994,1,1,1,3
SH-24-04-38700-693,1,0,1,2
SH-24-04-40886-70,0,1,1,2
SH-24-04-45160-357,1,0,1,2
SH-24-04-49387-732,1,1,1,3
SH-24-05-13935-914,1,1,1,3
SH-24-05-28565-553,0,1,1,2
SH-24-05-34232-590,1,1,1,3
SH-24-05-34581-16,0,1,1,2
SH-24-05-34888-511,1,0,1,2
SH-24-05-46424-585,0,1,1,2
SH-24-05-56285-214,1,1,1,3
SH-24-05-63652-414,1,1,1,3
SH-24-05-63737-572,1,1,1,3
SH-24-07-12012-66,1,0,1,2
SH-24-07-25053-322,1,1,1,3
SH-24-07-56936-103,1,1,1,3
SH-24-07-57250-104,1,1,1,3
SH-24-07-70717-76,1,1,1,3
SH-24-07-79589-753,1,1,1,3
SH-24-08-20652-649,1,1,1,3
SH-24-08-24953-808,1,1,1,3
SH-24-08-51017-535,1,0,1,2
SH-24-08-5714-767,1,1,1,3
SH-24-09-30131-712,1,1,1,3
SH-24-09-33040-239,1,1,1,3
ST-12-11-9037-234,0,1,1,2
ST-15-11-5568-103,0,0,1,1
ST-20-07-7172-552,0,1,1,2
ST-21-06-13776-471,1,1,1,3
ST-21-10-7576-519,1,1,1,3
ST-21-10-9416-670,1,1,1,3
ST-23-10-1463-229,1,1,1,3
