part_number,verdict,text,part,predicted_category
1,SH-24-01-26596-264,"פקודת הסמים המסוכנים [נוסח חדש], תשל""ג-1973: סע'  7(א), (ג), 13, 19א, 37א(א)",nothing,מידע אחר
2,SH-24-01-26596-264,"חוק העונשין, תשל""ז-1977: סע'  40",nothing,מידע אחר
3,SH-24-01-26596-264,פקודת התעבורה [נוסח חדש]: סע'  43,nothing,מידע אחר
4,SH-24-01-26596-264,"חוק המאבק בתופעת השימוש בחומרים מסכנים, תשע""ג-2013",nothing,מידע אחר
5,SH-24-01-26596-264,הנאשם שלפני נותן את הדין בגין עבירות כדלקמן:,כתב האישום והסדר הטיעון,עובדות המקרה
6,SH-24-01-26596-264,"סחר בסמים מסוכנים, בניגוד לסעיף 13 ו- 19א לפקודת הסמים המסוכנים [נוסח חדש], תשל""ג – 1973 (שש עבירות);",כתב האישום והסדר הטיעון,עובדות המקרה
7,SH-24-01-26596-264,"אחזקת סם מסוכן שלא לצריכה עצמית, בניגוד לסעיף 7(א) ו-(ג) רישא לפקודה (עבירה אחת).",כתב האישום והסדר הטיעון,עובדות המקרה
8,SH-24-01-26596-264,"בהתאם לעובדות כתב האישום המתוקן כא/1, בהן הורשע הנאשם במסגרת הסדר טיעון, במועדים הרלוונטיים לעובדות כתב האישום, שימש השוטר מקסים שומסקי (להלן: ""הסוכן"") בפעילות כנגד סחר בסמים בעיר ערד (להלן: ""הפעילות"").",כתב האישום והסדר הטיעון,עובדות המקרה
9,SH-24-01-26596-264,"במסגרת הפעילות עשה הסוכן שימוש בטלפון סלולרי מבצעי שמספרו 052-5219530 (להלן: ""הטלפון המבצעי"").",כתב האישום והסדר הטיעון,עובדות המקרה
10,SH-24-01-26596-264,"במועדים הרלוונטיים לכתב האישום, החזיק הנאשם בטלפון סלולרי מסוג גלקסי שמספרו 053-7262975 (להלן: ""הטלפון"").",כתב האישום והסדר הטיעון,עובדות המקרה
11,SH-24-01-26596-264,"בתאריך 28.12.23 בסמוך לשעה 17:11 יצרה השוטרת יפעת בראל (להלן: ""השוטרת יפעת"") קשר באמצעות הטלפון המבצעי באמצעות ישומון הטלגראם דרך קבוצה בשם ""SKOPY"" וביקשה לרכוש ממנו סם מסוכן מסוג קנבוס במשקל של 30 גרם (להלן: ""הסם"") בתמורה ל- 1,000 ₪ (להלן: ""העסקה"").",אישום ראשון,עובדות המקרה
12,SH-24-01-26596-264,"בהמשך למתואר לעיל, וכחלק מתנאי העסקה, שלח הסוכן לנאשם דרך ישומון הטלגראם הודעה עם תמונתו ואמצעי זיהוי כתובת ומיקום לביצוע העסקה.",אישום ראשון,עובדות המקרה
13,SH-24-01-26596-264,"בהמשך לכך, בסמוך לשעה 17:42, הגיע הנאשם לחניית הרכבים ברחוב בן יאיר 24 בעיר ערד (להלן: ""המקום"") כשהוא נוהג ברכב מסוג סקודה אוקטביה ל.ז 56-748-12 (להלן: ""הרכב""), יצר קשר עם הסוכן לחניה ברחוב בן יאיר 24 בערד (להלן: ""המקום""), יצר קשר עם הסוכן כשהתקשר אליו ממספר חסום אל הטלפון המבצעי והכווין אותו להגיע לרכב.",אישום ראשון,עובדות המקרה
14,SH-24-01-26596-264,"מיד לאחר מכן, הסוכן פגש את הנאשם ברכב והנאשם מסר לסוכן סם מסוכן מסוג קנבוס במשקל כולל של 26.94 גרם נטו ובתמורה העביר הסוכן לנאשם כסף מזומן בסך 1,000 ₪, אז אמר הנאשם לסוכן ""אין בעיה אחי, אם אתה צריך עוד דבר איתי, יש לנו חומר איכותי"".",אישום ראשון,עובדות המקרה
15,SH-24-01-26596-264,"בהמשך למתואר לעיל, החל הנאשם בנסיעה לכיוון היציאה מהמקום כשהשוטרים אשר דרך ושחר בובליל (להלן: ""השוטר אשר"" ו- ""השוטר שחר"", יכונו יחדיו, ""השוטרים""), שנסעו בניידת משטרה סמויה, חסמו את נתיב נסיעתו של הנאשם ועצרו אותו.",אישום ראשון,עובדות המקרה
16,SH-24-01-26596-264,"באותן הנסיבות, החזיק הנאשם בדלת הנהג ברכב בשקית שקופה ובה סם מסוכן מסוג קנבוס במשקל כולל של 20.03 גרם, כסף מזומן בסך 600 ₪ וכן ב- 17 כרטיסי סים אשר היו פזורים ברכב.",אישום ראשון,עובדות המקרה
17,SH-24-01-26596-264,"במעשים המתוארים לעיל, סחר הנאשם בסם מסוכן מסוג קנבוס מבלי שקיבל היתר לכך בפקודה או מאת המנהל.",אישום ראשון,עובדות המקרה
18,SH-24-01-26596-264,"עוד במעשיו, החזיק הנאשם סם מסוכן מסוג קנבוס שלא לצריכתו העצמית מבלי שקיבל היתר לכך בפקודה או מאת המנהל.",אישום ראשון,עובדות המקרה
19,SH-24-01-26596-264,אישום שני – נמחק במסגרת הסדר הטיעון.,אישום ראשון,עובדות המקרה
20,SH-24-01-26596-264,"בתאריך 25.12.23 בשעה 18:27 או בסמוך לכך, יצר מר מור שלומי עזרזר (להלן: ""מור"") קשר עם הנאשם באמצעות ישומון הטלגראם דרך קבוצה בשם ""SKOPY"" וביקש לרכוש סם מסוכן (להלן: ""העסקה"").",אישום שלישי,עובדות המקרה
21,SH-24-01-26596-264,"בתגובה ביקשה הנאשם ממור שישלו לו פרטי אימות, טלפון וכתובת לביצוע העסקה.",אישום שלישי,עובדות המקרה
22,SH-24-01-26596-264,"בהמשך למתואר לעיל ולאחר שמור שלח לנאשם צילום רשיון הנהיגה שלו ומיקום למשלוח, בסמוך לשעה 19:40 הגיע הנאשם לרחוב האירוסים 52 בערד והעביר למור 10 גרם של סם מסוכן מסוג קנבוס ובתמורה העביר מור לנאשם כסף מזומן בסך 500 ₪.",אישום שלישי,עובדות המקרה
23,SH-24-01-26596-264,"במעשים המתוארים לעיל, סחר הנאשם בסם מסוכן מבלי שהדבר הותר בפקודה או מאת המנהל.",אישום שלישי,עובדות המקרה
24,SH-24-01-26596-264,"בתאריך 21.12.23 בשעה 20:38 או בסמוך לכך, יצר מר חאלד אבו ניע (להלן: ""חאלד"") קשר עם הנאשם באמצעות ישומון הטלגראם דרך קבוצה בשם ""SKOPY"" וביקש לרכוש סם מסוכן (להלן: ""העסקה"").",אישום רביעי,עובדות המקרה
25,SH-24-01-26596-264,"בתגובה ביקש הנאשם מחאלד שישלח לו פרטי אימות ומספר טלפון וקבעו להיפגש בתחנת הדלק דור אלון בכניסה לעיר ערד (להלן: ""המקום"").",אישום רביעי,עובדות המקרה
26,SH-24-01-26596-264,"באותן הנסיבות, בסמוך לשעה 21:20 הנאשם וחאלד נפגשו במקום. הנאשם העביר לחאלד 3 גרם קנבוס ובתמורה העביר חאלד לנאשם כסף מזומן בסך 200 ₪.",אישום רביעי,עובדות המקרה
27,SH-24-01-26596-264,"בתאריך 24.12.23 בסמוך לשעה 09:44 יצר חאלד קשר עם הנאשם באמצעות ישומון הטלגראם וביקש לרכוש ממנו סם מסוכן ""כמו בפעם הקודמת"" (להלן: ""הסם"") ושאל אותו אם יוכל להעביר לו את הסם לים המלח. בתגובה, השיב הנאשם לחאלד כי השליח לא נמצא כעת ויעביר לו את הסם אחרי הצהריים בסמוך לשעה 16:00.",אישום רביעי,עובדות המקרה
28,SH-24-01-26596-264,"בהמשך ובסמוך לשעה 16:24, פגש הנאשם את חאלד בים המלח והעביר לידיו גרם של סם מסוכן מסוג קנבוס ובתמורה העביר חאלד לנאשם כסף מזומן בסך 200 ₪.",אישום רביעי,עובדות המקרה
29,SH-24-01-26596-264,"במעשים המתוארים לעיל, סחר הנאשם בסם מסוכן מבלי שקיבל היתר לכך בפקודה או מאת המנהל.",אישום רביעי,עובדות המקרה
30,SH-24-01-26596-264,"בתאריך 26.11.23 בסמוך לשעה 09:35, יצרה גברת רדה סליקין (להלן: ""רדה"") קשר עם הנאשם באמצעות ישומון הטלגראם דרך קבוצה בשם ""SKOPY"" וביקשה לרכוש סם מסוכן (להלן: ""העסקה"").",אישום חמישי,עובדות המקרה
31,SH-24-01-26596-264,"בתגובה, השיב הנאשם לרדה כי ""לא קיבל, יש לי איזה 100 מהתות נשאר לי אני על הקצה"". בתגובה, שאלה רדה את הנאשם האם יש צפי שיקבל ובתגובה השיב הנאשם שיעדכן אותה היום ועושה כל מיני מאמצים.",אישום חמישי,עובדות המקרה
32,SH-24-01-26596-264,"בהמשך באותו היום, בסמוך לשעה 19:09, רדה יצרה עם הנאשם בשנית ושאלה אם יש חדשות מאז שדיברו. בתגובה השיב הנאשם כי אמור לקבל הלילה ומסר כי ישלח לה דוגמא ששלח לרדה תמונה של פרח קנבוס והוסיף כי לא קיבל עליו מידע אולם זה סוג ""אינדיקה"" ומסר כי בסמוך לשעה 22:00 יגיע אליו.",אישום חמישי,עובדות המקרה
33,SH-24-01-26596-264,"בהמשך למתואר לעיל, בסמוך לשעה 22:00 שלח הנאשם הודעה לרדה בה כתב לה ""קיבלתי"" וציין כי הסוג הוא ""כושי פרסי"" וכי שולח לה דוגמא לחוות דעת. בתגובה ביקשה רדה מהנאשם שישלח לה יותר מדוגמית וביקשה שיתן לה בקרדיט.",אישום חמישי,עובדות המקרה
34,SH-24-01-26596-264,"בהמשך למתואר לעיל, בסמוך לשעה 22:59 הגיע הנאשם לחניה ברחוב שמעון 7 בערד ומסר לרדה 40 גרם קנבוס ובתמורה העבירה רדה לנאשם כסף מזומן בסך 400 ₪.",אישום חמישי,עובדות המקרה
35,SH-24-01-26596-264,"בהמשך, בסמוך לשעה 23:05 שלחה רדה הודעה לנאשם וכתבה לו ""קיבלתי תודה"" ואז הנאשם ורדה שוחחו על איכות הסמים שרכשה.",אישום חמישי,עובדות המקרה
36,SH-24-01-26596-264,"בתאריך 19.12.23 בשעה 17:58 שלח הנאשם הודעה לרדה וכתב לה ""רוצה לשלוח לך 40"". בתגובה, רדה כתבה לנאשם ""שלח לי, בבקשה"" והנאשם עדכן את רדה כי יגיע שליח בסמוך לשעה 20:00.",אישום חמישי,עובדות המקרה
37,SH-24-01-26596-264,"בהמשך למתואר לעיל, בסמוך לשעה 19:30, הגיע הנאשם לחניה ברחוב שמעון 7 בערד ומסר לרדה 40 גרם קנבוס ובתמורה העבירה רדה לנאשם כסף מזומן בסך 400 ש""ח.",אישום חמישי,עובדות המקרה
38,SH-24-01-26596-264,"בהמשך, בסמוך לשעה 19:42, רדה שלחה הודעה לנאשם בה כתבה כי מסרה רק 400 ₪ כי ""רוצה שישאר לי משהו בקטנה ביד, סוף החודש וזה. נשלים לך בנגלה הבאה"".",אישום חמישי,עובדות המקרה
39,SH-24-01-26596-264,"בין הצדדים נקשר הסדר טיעון, במסגרתו תוקן כתב האישום, והנאשם הודה והורשע בעובדות ובעבירות שבכתב האישום המתוקן.",אישום חמישי,עובדות המקרה
40,SH-24-01-26596-264,"ההסדר לא כלל הסכמה לענין העונש, אך הוסכם על חילוט הכסף שנתפס ברכב, בסך 600 ₪, לטובת קרן החילוט.",אישום חמישי,עובדות המקרה
41,SH-24-01-26596-264,מכאן – גזר דין זה.,אישום חמישי,מידע אחר
42,SH-24-01-26596-264,"התביעה הגישה, לענין העונש, גיליון הרשעות פלילי של הנאשם (ת/1) – לחובת הנאשם, הרשעה בגין שלושה תיקי חקירה שצורפו לכתב אישום אחד, בעבירות של פריצה לרכב בכוונה לגנוב; גניבה מרכב; פריצה לרכב; קבלת דבר במרמה; הונאה בכרטיסי חיוב.",ראיות לעונש,ראיות לעונש
43,SH-24-01-26596-264,"ההגנה הגישה, לענין העונש, מסמך רפואי (נ/1) ממנו עולה, כי הנאשם סובל מ""פריצת דיסק"".",ראיות לעונש,ראיות לעונש
44,SH-24-01-26596-264,התביעה הגישה טיעוניה בכתב (ת/2) והשלימה אותן על פה.,טענות הצדדים,טיעוני הצדדים
45,SH-24-01-26596-264,"התביעה טענה, כי מעשי הנאשם פגעו בערכים המוגנים של הגנה על בריאות הציבור ושלומו ועל הגנתו מהסיכון מפני עבירות פליליות ונזקים ישירים ועקיפים הנגרמים כתוצאה מסמים.",טענות הצדדים,טיעוני הצדדים
46,SH-24-01-26596-264,"התביעה טענה, כי גם העבירה של החזקת סם שלא לצריכה עצמית, היא ""אחותה"" של עבירת הסחר בסמים.",טענות הצדדים,טיעוני הצדדים
47,SH-24-01-26596-264,"התביעה טענה, כי עבירות הסחר נעברו תוך שימוש באמצעים דיגיטליים, באמצעות ישומון הטלגרם.",טענות הצדדים,טיעוני הצדדים
48,SH-24-01-26596-264,"התביעה טענה, כי הנאשם סיפק את הסם בתוך דקות מאז שהגיע אליו ההזמנה, ומכאן, שהנאשם מעורה בעולם הסמים. כך למשל, חלק מהפונים הם לקוחות ""חוזרים"", ואף מדברי הנאשם ניתן ללמוד, כי ברשותו סמים מסוגים שונים ובכמויות שונות.",טענות הצדדים,טיעוני הצדדים
49,SH-24-01-26596-264,"בנוסף, החזיק הנאשם בסם מסוכן מסוג קנביס במשקל 20.03 גרם נטו, שלא לצריכתו העצמית, לצד 600 ₪ ו-17 כרטיסי סים.",טענות הצדדים,טיעוני הצדדים
50,SH-24-01-26596-264,התביעה ביקשה לקחת בחשבון את כמות העסקאות ואת התקופה בה פעל הנאשם.,טענות הצדדים,טיעוני הצדדים
51,SH-24-01-26596-264,"התביעה טענה, כי אין המדובר במעידה חד פעמית אלא פעילות מאורגנת ושיטתית.",טענות הצדדים,טיעוני הצדדים
52,SH-24-01-26596-264,התביעה עתרה למתחם ענישה הנע בין 34 ועד 60 חודשי מאסר בפועל.,טענות הצדדים,טיעוני הצדדים
53,SH-24-01-26596-264,"התביעה ביקשה לקחת בחשבון את הרשעתו הקודמת של הנאשם בגין עבירות רכוש, בגינה ריצה עונש מאסר.",טענות הצדדים,טיעוני הצדדים
54,SH-24-01-26596-264,"התביעה טענה, כי במקרה דנן, אין נסיבות לקולה המצדיקות חריגה ממתחם הענישה, ויש להעדיף שיקולי גמול והרתעת היחיד והרבים.",טענות הצדדים,טיעוני הצדדים
55,SH-24-01-26596-264,התביעה עתרה למקם את עונשו של הנאשם ברף הבינוני של מתחם הענישה לצד מאסרים מותנים; פסילה בפועל ועל תנאי של רישיון הנהיגה; קנס משמעותי.,טענות הצדדים,טיעוני הצדדים
56,SH-24-01-26596-264,"בטיעוניה על פה, הוסיפה התביעה, בדבר ההסכמה לחילוט סכום של 600 ₪.",טענות הצדדים,טיעוני הצדדים
57,SH-24-01-26596-264,"ההגנה טענה, כי בחלק מהעסקאות, אשר היו באמצעות ישומון, לא נתפס הסם, והרשעת הנאשם התבססה על אמרותיו בחקירה.",טענות הצדדים,טיעוני הצדדים
58,SH-24-01-26596-264,"ההגנה טענה, כי העסקאות נעשו מול ""צרכני סם"" והנאשם לא היה זה שהכיר להם את הסם.",טענות הצדדים,טיעוני הצדדים
59,SH-24-01-26596-264,"ההגנה טענה, כי לא הוגשו כתבי אישום נגד הרוכשים ולכן אין שוויוניות.",טענות הצדדים,טיעוני הצדדים
60,SH-24-01-26596-264,"ההגנה טענה, כי העבירות נעברו בסמיכות זמנים ולכן מדובר באירוע אחד.",טענות הצדדים,טיעוני הצדדים
61,SH-24-01-26596-264,"ההגנה הפנתה לנסיבותיו האישיות של הנאשם, צעיר, נשוי ואב לשני קטינים, אשר גדל בבית חסר הכוונה עם מצב סוציו-אקונומי נמוך. כן ביקשה לקחת בחשבון נסיבות רפואיות.",טענות הצדדים,טיעוני הצדדים
62,SH-24-01-26596-264,"ההגנה ביקשה לקחת בחשבון, כי הנאשם הודה באשמה, נטל אחריות על מעשיו וחסך זמן שיפוטי יקר.",טענות הצדדים,טיעוני הצדדים
63,SH-24-01-26596-264,"ההגנה טענה, כי אין לזקוף לחובת הנאשם העובדה, שלא פנה להערכת שירות המבחן למבוגרים.",טענות הצדדים,טיעוני הצדדים
64,SH-24-01-26596-264,"ההגנה טענה, כי הנאשם מעד זו הפעם הראשונה בתחום עבירות סמים, לכן יש לשקול שלא למצות את הדין עמו.",טענות הצדדים,טיעוני הצדדים
65,SH-24-01-26596-264,"ההגנה טענה, כי מתחם הענישה אליו עתרה התביעה הינו גבוה ולא הולם את נסיבות המקרה, ועתרה למתחם ענישה הנע בין מספר חודשי עבודות שירות ועד 12 חודשי מאסר בפועל.",טענות הצדדים,טיעוני הצדדים
66,SH-24-01-26596-264,"אשר לפסילה, טענה ההגנה, כי מחזיק הנאשם בשלושה סוגים של רישיון נהיגה, ועתרה להשאיר בידו את הרישיון מסוג B.",טענות הצדדים,טיעוני הצדדים
67,SH-24-01-26596-264,"ההגנה אישרה, כי הוסכם על חילוט הכסף שנתפס בסך 600 ₪.",טענות הצדדים,טיעוני הצדדים
68,SH-24-01-26596-264,"ההגנה ביקשה מבית המשפט להתחשב בנאשם, אשר, לטענתה – ""סיים עם עניין הסמים"" ומשלם מחיר על מעשיו.",טענות הצדדים,טיעוני הצדדים
69,SH-24-01-26596-264,"בדברו האחרון של הנאשם מסר, כי הוא מודה ומצטער על מעשיו. לדבריו, הוא רוצה לראות את ילדיו הקטנים, לעבוד ולהשתקם.",טענות הצדדים,טיעוני הצדדים
70,SH-24-01-26596-264,העבירות שעבר הנאשם חמורות.,דיון והכרעה,דיון והכרעה
71,SH-24-01-26596-264,עבירות בתחום הסמים המסוכנים נושאות בחובן פוטנציאל לפגיעה משמעותית בחברה.,דיון והכרעה,דיון והכרעה
72,SH-24-01-26596-264,"מדובר בנגע המתפשט במהירות ומשחית חייהם של אנשים, בין אם זה ציבור המשתמשים בסמים ובין אם ציבור הנפגעים מעבירות המבוצעות ע""י אלו המשתמשים בסמים.",דיון והכרעה,דיון והכרעה
73,SH-24-01-26596-264,"המשתמשים בסמים הופכים – מאזרחים עמלניים, המנהלים חיים מסודרים, למי שעומדים בשולי החברה, אינם תורמים לאחרים ולא זו אלא, שהטיפול בהם ופרנסתם מוטלים על אחרים.",דיון והכרעה,דיון והכרעה
74,SH-24-01-26596-264,"בנוסף, כתוצאה מעבירות אלה, מועברים מיד ליד כספים בלתי מדווחים בהיקף עצום, חלקם מוצאים דרכם למימון פעילות עבריינית בתחומים שונים.",דיון והכרעה,דיון והכרעה
75,SH-24-01-26596-264,"כל זאת, בשל עבריינים המחזיקים ומפיצים סמים מסוכנים, בדומה לנאשם דנן.",דיון והכרעה,דיון והכרעה
76,SH-24-01-26596-264,"על אף רוחות שונות הנושבות בתחום זה, גם סם מסוכן מסוג קנביס, הוא חומר ממכר, ששימוש מתמשך בו עלול לגרום נזקים לא קלים בתחום התובנה, תפיסת המציאות ובייחוד בתחום התפקודי והתעסוקתי, ומכאן גם – נזקים חברתיים.",דיון והכרעה,דיון והכרעה
77,SH-24-01-26596-264,"על חומרתן של עבירות סחר בסם מסוכן, ראו ע""פ 2596/18 זנזורי נ' מדינת ישראל (פורסם במאגרים):",דיון והכרעה,דיון והכרעה
78,SH-24-01-26596-264,"צרכנים ומשתמשים ואנשים נורמטיביים, שבעבר לא היו נכונים ליטול על עצמם סיכון להסתבך בעולם הפלילי, נכונים כיום לילך צעד נוסף ולהפוך למגדלים ולסוחרים בסם. זאת, מתוך תפיסה שגויה כי מדובר ב""סמים קלים"", ובהינתן הטכנולוגיה המאפשרת מכירה והפצה קלה ו""סטרילית"" של סמים. ברם, סחר בסמים הוא סחר בסמים. ידע כל מי שמהרהר בדרכים לעשיית כסף קל, כי מדיניות הענישה לא השתנתה ובית המשפט רואה בחומרה עבירות של סחר והפצה של סמים מסוכנים, גם סמים ""קלים"", תוך הטלת ענישה משמעותית ומרתיעה. צרכנים ומשתמשים – ראו הוזהרתם (ההדגשה אינה במקור).",דיון והכרעה,דיון והכרעה
79,SH-24-01-26596-264,"עוד ראו רע""פ 8695/19 פסו נ' מדינת ישראל (פורסם במאגרים):",דיון והכרעה,דיון והכרעה
80,SH-24-01-26596-264,"בית משפט זה שב והדגיש כי על מדיניות הענישה בגין סחר והפצה של סמים מסוכנים, ובכללן סמים הנחשבים כ""סמים קלים"", להיות מרתיעה ומשמעותית, וכי יש לראות בחומרה ניסיונות לעשיית רווח כספי באמצעות סחר בסמים אלה.",דיון והכרעה,דיון והכרעה
81,SH-24-01-26596-264,(ההדגשות - אינן במקור).,דיון והכרעה,דיון והכרעה
82,SH-24-01-26596-264,"עוד ראו עפ""ג 53142-12-16 רחמימוב נ' מדינת ישראל (פורסם במאגרים):",דיון והכרעה,דיון והכרעה
83,SH-24-01-26596-264,"עבירות של סחר בסמים מסוכנים הן עבירות חמורות. בית המשפט העליון חזר וקבע, כי הסמים המסוכנים פשטו בקרבנו כנגע חברתי, אשר השלכותיו הרסניות וסכנותיו רחבות היקף. בשל הנזק החברתי רב העוצמה, שגורמת עבירה של סחר בסם מסוכן שלא לצריכה עצמית, זוהי עבירה שככלל ראוי שכל המבצע אותה יישא בעונש מאסר בפועל משמעותי וממושך מאחורי סורג ובריח.",דיון והכרעה,דיון והכרעה
84,SH-24-01-26596-264,(ההדגשה - אינה במקור).,דיון והכרעה,דיון והכרעה
85,SH-24-01-26596-264,"כן ראו ע""פ 211/09 אזולאי נ' מדינת ישראל (פורסם במאגרים):",דיון והכרעה,דיון והכרעה
86,SH-24-01-26596-264,"הענישה בעבירות מסוג זה נועדה, קודם לכל, לשרת את מטרת הגמול לעבריין על עיסוק בסם העלול לסכן חיי אדם ולפגוע בבריאות המשתמשים בו; שנית, על העונש להעביר מסר חד-משמעי של הרתעה ביחס לעבריינים פוטנציאליים, ולשמש אות אזהרה אפקטיבי לכל מי שמתכוון לקחת חלק במערכת ההעברות והסחר בסמים, תהא אשר תהא הפונקציה אותה הוא ממלא בשרשרת זו של העברת הסם מיד ליד. מזה זמן רב, מדגישים בתי המשפט בפסיקתם את חשיבות הערך הענישתי בעבירות סמים כאחד הכלים החשובים בפעילות לביעורו של נגע הסמים. ההחמרה בענישה בגין עבירות סמים משרתת את מטרות הגמול וההרתעה, שהן היעדים העיקריים של הענישה בתחום הסמים.",דיון והכרעה,דיון והכרעה
87,SH-24-01-26596-264,"בנוגע לעבירה של החזקת סם שלא לצריכה עצמית, ראו דברי בית המשפט העליון במסגרת ע""פ 1345/08 איסטחרוב נ' מדינת ישראל (פורסם במאגרים):",דיון והכרעה,דיון והכרעה
88,SH-24-01-26596-264,"אין מנוס מהכבדת היד על המחזיקים סמים שלא לצריכה עצמית, שכל בר דעת מבין כי נועדו לצריכת הזולת, קרי, להוספת שמן על מדורת הסמים אשר להבותיה אופפות רבים וטובים, או רבים שהיו טובים. עבירה זו היא תאומתה הסטטוטורית של עבירת הסחר בסמים, אלא שלא ניתן להוכיח לגביה את הסחר עצמו, ונקבע לשתיהן עונשה זהה, עונש מירבי של עשרים שנות מאסר וקנס פי עשרים וחמישה מזה הקבוע בסעיף 61(א)(4) לחוק העונשין, העומד כיום על 202,000 ₪...",דיון והכרעה,דיון והכרעה
89,SH-24-01-26596-264,"על בית המשפט להרתיע היחיד והרבים מפני עבירות הסמים, ולהילחם בתופעה הקשה של נגע הסמים, הצוברת תאוצה בשנים האחרונות.",דיון והכרעה,דיון והכרעה
90,SH-24-01-26596-264,"להלן, תובא סקירה של מדיניות הענישה הנוהגת:",דיון והכרעה,דיון והכרעה
91,SH-24-01-26596-264,"עפ""ג 4842-05-23 בן נח נ' מדינת ישראל – המערער הורשע, על פי הודאתו, בעבירות של סיוע לסחר בסם מסוכן מסוג קנביס והחזקת סם שלא לצריכה עצמית. בהתאם לעובדות כתב האישום המתוקן, סייע הנאשם לאחר לסחור בסם מסוכן מסוג קנביס במשקל 9.94 גרם תמורת 500 ₪, ובאותו מעמד, החזיק ברכבו בסם מסוכן מסוג קנביס, במשקל 530 גרם, שלא לצריכתו העצמית. מותב זה קבע מתחם ענישה הנע בין 12 ועד 24 חודשי מאסר בפועל, וגזר על הנאשם 15 חודשי מאסר, לצד ענישה נלווית וחילוט הרכב בו הסתייע. בשל נסיבות מיוחדות של נאשם זה, הסכימה המשיבה לבקשת ההגנה להפחית את עונש המאסר ל-11 חודשי מאסר וביטול פסילת רישיון הנהיגה בפועל, כאשר לא היה כל שינוי ביתר רכיבי גזר הדין. בית המשפט המחוזי (כב' השופט א' ביתן) ציין, כי העונש שהוטל על הנאשם בבית המשפט קמא הינו מתאים למעשה העבירה.",דיון והכרעה,דיון והכרעה
92,SH-24-01-26596-264,"ת""פ 64772-05-22 מדינת ישראל נ' אבו בלאל – הנאשם הורשע, על פי הודאתו, בעבירה של ניסיון לסחר בסם מסוכן מסוג קנביס במשקל 850 גרם, תמורת 7,500 ₪. מותב זה אימץ את מתחם הענישה אליו עתרה התביעה והעמידו כך שינוע בין 10 ועד 20 חודשי מאסר, תוך שציין בגזר הדין, כי ראוי היה לעתור למתחם ענישה גבוה יותר.",דיון והכרעה,דיון והכרעה
93,SH-24-01-26596-264,"ת""פ 5072-11-21 מדינת ישראל נ' אבן עתמי – הנאשם הורשע, על פי הודאתו, בעבירות של קשירת קשר לעשות פשע, סחר בסם מסוכן מסוג קנביס והחזקת סם מסוכן מסוג קנביס שלא לצריכה עצמית. בעסקה הראשונה, מכר הנאשם לסוכן סם מסוכן מסוג קנביס במשקל 24 גרם נטו, תמורת 400 ₪; בעסקה השניה, מכר הנאשם לסוכן סם מסוכן מסוג קנביס במשקל 14.85 גרם נטו תמורת 300 ₪; בעסקה השלישית, מכר הנאשם לאחר סם מסוכן מסוג קנביס במשקל 7.08 גרם תמורת 300 ₪ ובאותו מעמד, החזיק ברכבו בסם מסוכן מסוג קנביס במשקל 77.06 גרם, שלא לצריכתו העצמית. מותב זה קבע מתחם ענישה הנע בין 10 ועד 20 חודשי מאסר.",דיון והכרעה,דיון והכרעה
94,SH-24-01-26596-264,"בית המשפט עיין בפסיקה שהוגשה מטעם באי כוח הצדדים. אולם, קביעת מתחם הענישה היא בהתאם לנסיבות המקרה העומד לדיון, וסקירת מדיניות הענישה הנוהגת היא רק שיקול אחד מבין כלל השיקולים אותו עושה בית המשפט בקובעו מתחם ענישה הולם. בהתאם להוראות סעיף 40 לחוק העונשין, תשל""ז – 1977, בבואו של בית המשפט לקבוע מתחם ענישה, רשאי לקחת בחשבון מכלול שיקולים, בין היתר, נסיבות ביצוע העבירה; משך ההתנהגות העבריינית; מידת הפגיעה בערכים המוגנים; וכן, שיקולים נוספים.",דיון והכרעה,דיון והכרעה
95,SH-24-01-26596-264,"במקרה דנן, קיימות מספר נסיבות לחומרה, שיש בהן כדי להעיד על פעילות עקבית ומאורגנת בתחום הסחר בסמים מסוכנים, וכן על היות הנאשם בדרג משמעותי בהיררכיה העבריינית: הנאשם היה פעיל במסגרת קבוצת טלגרם העוסקת במכירה של סמים מסוכנים; הנאשם ערך עסקאות עם לקוחות שנחזו להיות מזדמנים; הנאשם החזיק בסמים בתצורות שונות; הנאשם סיפק הסמים מידית לאחר הסיכום, ומכאן שהיו בידו סמים באופן זמין; העסקאות לא נערכו בכמויות קטנות, אלא בכמויות בינוניות.",דיון והכרעה,דיון והכרעה
96,SH-24-01-26596-264,לאור ריבוי העסקאות; משך הזמן בו פעל הנאשם; טיב הסם; כמות הסם בה סחר הנאשם; וכמות הסם שהחזיק הנאשם שלא לצריכתו העצמית – מוצא בית המשפט להעמיד את מתחם הענישה כך שינוע בין 20 ועד 50 חודשי מאסר.,דיון והכרעה,דיון והכרעה
97,SH-24-01-26596-264,"עובדות כתב האישום המתוקן והמוסכם בהן הודה הנאשם, ובכללן – האופן בו נערכו העסקאות למכירת הסמים המסוכנים, בין היתר לסוכן משטרתי, תוך אספקת סמים באופן מידי ובמשקל גבוה מעידות על מעורבות עומק בעולם הסמים המסוכנים, וכי הנאשם אינו ""קוטל קנים"" בתחום הסמים.",קביעת הענישה הספציפית ,דיון והכרעה
98,SH-24-01-26596-264,"לחובת הנאשם, הרשעה קודמת בגין מספר עבירות רכוש כלפי רכבים וכן עבירות של מרמה והונאה, בגינה ריצה עונש מאסר בן ששה חודשים.",קביעת הענישה הספציפית ,דיון והכרעה
99,SH-24-01-26596-264,באלו יש ללמד על יחסו של הנאשם לחוק ועל כך שלא היה במאסר שהוטל עליו כדי להניא אותו מלעבור שוב על החוק ולגרום לו לנהל אורח חיים נורמטיבי.,קביעת הענישה הספציפית ,דיון והכרעה
100,SH-24-01-26596-264,"לזכות הנאשם, תלקחנה הודאתו באשמה ונטילת האחריות מצדו.",קביעת הענישה הספציפית ,דיון והכרעה
101,SH-24-01-26596-264,"במכלול השיקולים, נוטה הכף לקביעת העונש בשליש התחתון של מתחם הענישה, אך לא בתחתית המתחם.",קביעת הענישה הספציפית ,דיון והכרעה
102,SH-24-01-26596-264,"בצד עונש המאסר, יושתו עונשים נוספים בדמות מאסר על תנאי, פסילת רישיון נהיגה בפועל ועל תנאי, קנס משמעותי, וחילוט הכסף שנתפס על הנאשם.",קביעת הענישה הספציפית ,דיון והכרעה
103,SH-24-01-26596-264,"בכל הנוגע לעיצומים הכספיים, עבירות סמים, בבסיסן, נעברות מתוך מניע של רווח כלכלי, זאת על חשבון שלום הציבור ובריאותו.",קביעת הענישה הספציפית ,דיון והכרעה
104,SH-24-01-26596-264,"כאמור לעיל, המדובר בעבירות, בעטיין מתגלגלים סכומים גדולים של כספים בלתי מדווחים, המוצאים דרכם למימון פעילות עבריינית מסוגים שונים.",קביעת הענישה הספציפית ,דיון והכרעה
105,SH-24-01-26596-264,"הנאשם סחר בסמים בתמורת סכומי כסף בלתי מבוטלים, והחזיק ברכבו בכמות סמים בעלת שווי רב. לאור האמור, ולאור המניע הכלכלי שבעבירות הסמים, יש הצדקה להשתת עיצום כספי משמעותי, ומצדיקה את חילוט הכסף שנתפס על הנאשם, אשר לגביו הוצגה הסכמת באי כוח הצדדים.",קביעת הענישה הספציפית ,דיון והכרעה
106,SH-24-01-26596-264,"אשר לרכיב פסילת רישיון הנהיגה, מתוקף סמכותו של בית המשפט, בהתאם להוראות סעיף 37א(א) לפקודת הסמים המסוכנים [נוסח חדש], תשל""ג – 1973 וכן סעיף 43 לפקודת התעבורה [נוסח חדש], תשכ""א – 1961, מוצא בית המשפט להורות על פסילת רישיון הנהיגה של הנאשם, בפועל ועל תנאי, שהרי נהג הנאשם ברכבו על מנת להוביל את הסמים המסוכנים בעסקאות הסחר שביצע, ואף החזיק סמים ברכבו (הגם שלא יוחסה לו עבירה של הסתייעות ברכב לעבור עבירה, הרי שמדובר בעובדות בהן הודה הנאשם). עובדה זו היתה עשויה גם להצדיק את חילוט הרכב, אך משלא עתרה התביעה לרכיב ענישה זה במסגרת פרשת העונש, ואף לא בסיפא לכתב האישום, לא יחמיר בית המשפט מעבר לעמדת התביעה.",קביעת הענישה הספציפית ,דיון והכרעה
107,SH-24-01-26596-264,לאחר שבית המשפט שמע טיעוני הצדדים על פה; עיין בראיות לעונש; עיין בפסיקה שהוגשה; שמע דברו האחרון של הנאשם; גוזר על הנאשם את העונשים כדלקמן:,סיכום,דיון והכרעה
108,SH-24-01-26596-264,"24 חודשי מאסר בפועל, בניכוי ימי מעצרו בהתאם לרישומי שב""ס;",סיכום,דיון והכרעה
109,SH-24-01-26596-264,"12 חודשים מאסר על תנאי למשך 3 שנים מיום שחרורו של הנאשם ממאסר, והתנאי – שהנאשם לא יעבור עבירה בניגוד לפקודת הסמים המסוכנים [נוסח חדש], תשל""ג – 1973, או עבירה בניגוד לחוק המאבק בתופעת השימוש בחומרים מסכנים, תשע""ג – 2013, שהיא מסוג פשע;",סיכום,דיון והכרעה
110,SH-24-01-26596-264,"6 חודשים מאסר על תנאי למשך 3 שנים מיום שחרורו של הנאשם ממאסר, והתנאי – שהנאשם לא יעבור עבירה בניגוד לפקודת הסמים המסוכנים [נוסח חדש], תשל""ג – 1973, או עבירה בניגוד לחוק המאבק בתופעת השימוש בחומרים מסכנים, תשע""ג – 2013, שהיא מסוג עוון;",סיכום,דיון והכרעה
111,SH-24-01-26596-264,"4 חודשים מאסר על תנאי למשך 3 שנים מיום שחרורו של הנאשם ממאסרו, והתנאי – שהנאשם לא יעבור עבירה בניגוד לפקודת התעבורה [נוסח חדש], תשכ""א – 1961, סעיף 43;",סיכום,דיון והכרעה
112,SH-24-01-26596-264,"קנס בסך 15,000 ₪ או 95 ימי מאסר תמורתו. הקנס ישולם ב - 15 תשלומים שווים החל מיום 15.08.24 ובכל 15 לחודש העוקב. לא יעמוד הנאשם באחד התשלומים במועד – תעמוד היתרה לפירעון מידי;",סיכום,דיון והכרעה
113,SH-24-01-26596-264,"חילוט סך בן 600 ₪. בהתאם להסכמת הצדדים, יועבר הכסף לטובת קרן החילוט למאבק בסמים;",סיכום,דיון והכרעה
114,SH-24-01-26596-264,"פסילה בפועל מקבל או מהחזיק רישיון נהיגה לרכב מנועי למשך שנה. על הנאשם להפקיד רשיונו, או תצהיר מתאים, במזכירות בית המשפט, עד ליום העסקים הראשון שלאחר שחרורו ממאסר. מובהר לנאשם, כי החל ממועד זה – כל עוד לא הופקד הרישיון – יהיה הנאשם פסול מלנהוג, אך הפסילה לא תימנה;",סיכום,דיון והכרעה
115,SH-24-01-26596-264,"פסילה מקבל ומהחזיק רישיון נהיגה לרכב מנועי, בת מחצית השנה, על תנאי. תקופת התנאי - למשך 3 שנים מיום סיום הפסילה בפועל;",סיכום,דיון והכרעה
116,SH-24-01-26596-264,5129371השמדת הסמים המסוכנים - בחלוף תקופת הערעור.,סיכום,מידע אחר
